"openSUSE:Factory","4pane","10","bzip2","bzip2-1.0.8"
"openSUSE:Factory","acpica","82","libbpf","v1.6.0-124-g7df9899"
"openSUSE:Factory","acpica","82","xz-embedded","v2024-04-05-4-g39e0401"
"openSUSE:Factory","acpica","82","zlib","v1.2.0"
"openSUSE:Factory","adios2","13","googletest","v1.14.0-105-g31993df"
"openSUSE:Factory","agama","54","curl","curl-8_18_0-13-g13c1a93"
"openSUSE:Factory","agama","54","zlib","v1.3.1"
"openSUSE:Factory","alacritty","46","freetype","VER-2-13-2"
"openSUSE:Factory","alacritty","46","zlib","v1.2.12-37-g19f8551"
"openSUSE:Factory","amp","2","zlib","v1.3.1"
"openSUSE:Factory","amsynth","23","libpng","v1.6.37"
"openSUSE:Factory","android-tools","29","boringssl","0.20251124.0-205-g0d82223"
"openSUSE:Factory","android-tools","29","fmt","11.2.0-104-g80549a6"
"openSUSE:Factory","android-tools","29","googletest","v1.14.0-247-g0934b7e"
"openSUSE:Factory","android-tools","29","libusb","v1.0.29-29-ge392f3b"
"openSUSE:Factory","apache-arrow","23","xxHash","v0.7.4-684-g2b23bc5"
"openSUSE:Factory","apfsprogs","8","zlib","v1.2.0"
"openSUSE:Factory","apotris","1","curl","curl-7_53_0-14-g93cce24"
"openSUSE:Factory","apotris","1","flac","1.4.3"
"openSUSE:Factory","apotris","1","lua","v5-3-5"
"openSUSE:Factory","apotris","1","mbedtls","v2.26.0-343-g93c0847"
"openSUSE:Factory","apotris","1","zlib","v1.3.1"
"openSUSE:Factory","ardour","26","lua","v5-3-5"
"openSUSE:Factory","argyllcms","36","libjpeg-turbo","jpeg-8d"
"openSUSE:Factory","arti","21","xz","v5.8.2-3-gb80b634"
"openSUSE:Factory","arti","21","zstd","v1.4.7-2625-g23e5f80"
"openSUSE:Factory","ashell","2","zlib","v1.3.1.2-154-g9e35567"
"openSUSE:Factory","assimp","39","assimp","v6.0.5-30-g0a34395"
"openSUSE:Factory","assimp","39","googletest","v1.14.0-105-g31993df"
"openSUSE:Factory","assimp","39","rapidjson","v1.1.0-748-g3f73eda"
"openSUSE:Factory","assimp","39","zlib","v1.2.13"
"openSUSE:Factory","asymptote","11","googletest","release-1.11.0-136-g2ddfdf8"
"openSUSE:Factory","asymptote","11","rapidjson","v1.1.0-724-g1ce516e"
"openSUSE:Factory","atuin","37","zstd","v1.4.7-2625-g23e5f80"
"openSUSE:Factory","avfs","13","bzip2","bzip2-1.0.8"
"openSUSE:Factory","avfs","13","zlib","v1.1.4"
"openSUSE:Factory","aws-efs-utils","31","boringssl","fips-20210429-1245-gdd68e4b"
"openSUSE:Factory","aws-lc","23","googletest","release-1.10.0-565-gd4144d4"
"openSUSE:Factory","backhand","8","xz","v5.8.2-3-gb80b634"
"openSUSE:Factory","backhand","8","zlib","v1.3.1-201-g5a82f71"
"openSUSE:Factory","backhand","8","zstd","v1.4.7-2625-g23e5f80"
"openSUSE:Factory","bat","26","zlib","v1.3.1"
"openSUSE:Factory","below","7","libbpf","v1.5.0-1-g605f4f0"
"openSUSE:Factory","below","7","zlib","v1.2.13"
"openSUSE:Factory","below","7","zstd","v1.4.7-2625-g23e5f80"
"openSUSE:Factory","binutils","185","zlib","v1.2.12"
"openSUSE:Factory","binwalk","13","bzip2","bzip2-1.0.8"
"openSUSE:Factory","binwalk","13","freetype","VER-2-13-2"
"openSUSE:Factory","binwalk","13","xz","v5.3.1alpha-73-gba76d67"
"openSUSE:Factory","binwalk","13","zlib","v1.2.12-37-g19f8551"
"openSUSE:Factory","biome","16","minizip-ng","0^20181101.252588f6a78bd7656f4e03d1b236695b3182ff7d"
"openSUSE:Factory","biome","16","zlib","v1.3.1"
"openSUSE:Factory","bitcoin","62","leveldb","1.22-68-g201f522"
"openSUSE:Factory","bitwarden","43","lz4","v1.9.2-585-gae179a9"
"openSUSE:Factory","bitwarden","43","xxHash","v0.6.4-63-gb39d9be"
"openSUSE:Factory","black-hole-solver","4","xxHash","v0.7.4-158-ga9054f3"
"openSUSE:Factory","blender-4.5","13","fmt","9.1.0-156-g6056e07"
"openSUSE:Factory","blender-4.5","13","googletest","v1.14.0-148-gd49a665"
"openSUSE:Factory","blender-5.0","7","fmt","9.1.0-156-g6056e07"
"openSUSE:Factory","blender-5.0","7","googletest","v1.14.0-148-gd49a665"
"openSUSE:Factory","blender-5.1","4","googletest","v1.14.0-148-gd49a665"
"openSUSE:Factory","blender-5.2","2","googletest","v1.14.0-148-gd49a665"
"openSUSE:Factory","blobby","4","lua","v5.3.6"
"openSUSE:Factory","blockout","10","libpng","v1.2.12"
"openSUSE:Factory","blockout","10","zlib","v1.2.3"
"openSUSE:Factory","blosc2","17","lz4","v1.9.2-1222-gcc1508f"
"openSUSE:Factory","blosc2","17","xxHash","v0.7.4-367-gf035303"
"openSUSE:Factory","blosc2","17","zstd","v1.4.7-2625-g23e5f80"
"openSUSE:Factory","blosc","27","lz4","v1.9.2-585-gae179a9"
"openSUSE:Factory","blosc","27","zlib","v1.3.1"
"openSUSE:Factory","blosc","27","zstd","v1.4.7-2163-g01cea2e"
"openSUSE:Factory","boinc-client","70","libjpeg-turbo","jpeg-6bl-1-g217d1a7"
"openSUSE:Factory","boost","182","bzip2","bzip2-1.0.8"
"openSUSE:Factory","boost","182","minizip-ng","0^20181101.252588f6a78bd7656f4e03d1b236695b3182ff7d"
"openSUSE:Factory","boost","182","zlib","v1.3.1"
"openSUSE:Factory","boringssl","17","boringssl","0.20260803.0-48-g7017746"
"openSUSE:Factory","boringssl","17","googletest","v1.14.0-247-g0934b7e"
"openSUSE:Factory","Botan","73","botan","3.12.0-613-ga8b5bf5"
"openSUSE:Factory","bpf2go","1","libbpf","v0.5.0-105-g7beaa2e"
"openSUSE:Factory","bpftool","19","libbpf","v1.6.0-128-gdbd3986"
"openSUSE:Factory","bpftop","3","libbpf","v1.6.0-5-g8e59f80"
"openSUSE:Factory","bpftop","3","zlib","v1.2.13"
"openSUSE:Factory","broot","12","pcre2","pcre2-10.46-178-gc1acd51"
"openSUSE:Factory","broot","12","zlib","v1.3.1.2-154-g9e35567"
"openSUSE:Factory","brotli","15","brotli","v1.2.0rc1-5-g1e4425a"
"openSUSE:Factory","btrfsprogs","174","xxHash","v0.7.4-367-gf035303"
"openSUSE:Factory","bun","4","aom","v3.14.1-165-g46d3757"
"openSUSE:Factory","bun","4","boringssl","0.20260713.0-37-gf1cac25"
"openSUSE:Factory","bun","4","googletest","v1.14.0-247-g0934b7e"
"openSUSE:Factory","bun","4","xxHash","v0.7.4-684-g2b23bc5"
"openSUSE:Factory","busybox","99","xz-embedded","0^20100609.c4c6f5c427c246a5b08f25105e8a5183c24fd077"
"openSUSE:Factory","bzip2","70","bzip2","bzip2-1.0.8-12-g35d122a"
"openSUSE:Factory","cadabra2","34","tinyxml2","10.0.0-27-gc93b6f7"
"openSUSE:Factory","cadaver","1","libexpat","V1_1-7-gd6eeb47"
"openSUSE:Factory","canokey-qemu","4","mbedtls","v2.26.0-897-gbece737"
"openSUSE:Factory","cargo-audit","32","curl","curl-8_20_0-522-gb3675fe"
"openSUSE:Factory","cargo-audit","32","zlib","v1.3.1.2-154-g9e35567"
"openSUSE:Factory","cargo-c","26","curl","curl-8_20_0-522-gb3675fe"
"openSUSE:Factory","cargo-c","26","nghttp2","v1.68.0-99-g545ee4f"
"openSUSE:Factory","cargo-c","26","pcre2","pcre2-10.46-178-gc1acd51"
"openSUSE:Factory","cargo-c","26","zlib","v1.3.1.2-154-g9e35567"
"openSUSE:Factory","carla","39","libpng","v1.6.37"
"openSUSE:Factory","ccache","87","cpp-httplib","v0.20.0"
"openSUSE:Factory","ccache","87","fmt","11.2.0-91-g13d4f84"
"openSUSE:Factory","ceph","107","bzip2","bzip2-1.0.8"
"openSUSE:Factory","ceph","107","fmt","8.1.1-237-gba50c19"
"openSUSE:Factory","ceph","107","googletest","release-1.10.0-677-gc5be393"
"openSUSE:Factory","ceph","107","lua","v5.4.3"
"openSUSE:Factory","ceph","107","minizip-ng","0^20181101.252588f6a78bd7656f4e03d1b236695b3182ff7d"
"openSUSE:Factory","ceph","107","ocf","v20.1-37-g7799b24"
"openSUSE:Factory","ceph","107","rapidjson","v1.1.0-691-g6b50098"
"openSUSE:Factory","ceph","107","xxHash","v0.7.1-246-gc994f5c"
"openSUSE:Factory","ceph","107","zlib","v1.2.11"
"openSUSE:Factory","ceph","107","zstd","v1.4.4-523-gb2092c6"
"openSUSE:Factory","cgdb","19","libvterm","v0.2-RC1"
"openSUSE:Factory","cherrytree","42","googletest","v1.14.0-260-g37678c9"
"openSUSE:Factory","chromaprint","28","googletest","v1.14.0-247-g0934b7e"
"openSUSE:Factory","chromium","545","aom","v3.14.1-165-g46d3757"
"openSUSE:Factory","chromium","545","boringssl","0.20260813.0-5-g5f1bc73"
"openSUSE:Factory","chromium","545","brotli","v1.2.0-41-g0ed4268"
"openSUSE:Factory","chromium","545","flac","1.4.2"
"openSUSE:Factory","chromium","545","freetype","VER-2-14-3-76-gee38c68"
"openSUSE:Factory","chromium","545","googletest","v1.14.0-260-g37678c9"
"openSUSE:Factory","chromium","545","harfbuzz","14.3.1-78-gdee6b6e"
"openSUSE:Factory","chromium","545","hunspell","v1.7.2-117-g96466a6"
"openSUSE:Factory","chromium","545","leveldb","1.23-89-g4a0c572"
"openSUSE:Factory","chromium","545","libexpat","R_2_8_1-157-g8ea96ad"
"openSUSE:Factory","chromium","545","libjpeg-turbo","3.0.3-35-geb75363"
"openSUSE:Factory","chromium","545","libpng","v1.6.58"
"openSUSE:Factory","chromium","545","libtiff","v4.7.2rc2-1-g7de15e1"
"openSUSE:Factory","chromium","545","libusb","v1.0.17-rc1-5-gdef6a8f"
"openSUSE:Factory","chromium","545","libwebp","v1.6.0-197-g9e6b233"
"openSUSE:Factory","chromium","545","libxml2","v2.15.0-103-g6be0acd"
"openSUSE:Factory","chromium","545","Little-CMS","lcms2.19rc2-1-g2088303"
"openSUSE:Factory","chromium","545","openjpeg","v2.5.3-5-gcc6d0c8"
"openSUSE:Factory","chromium","545","rapidjson","v1.1.0-763-g24b5e7a"
"openSUSE:Factory","chromium","545","sqlite","version-3.53.3-24-g80fd9ec"
"openSUSE:Factory","chromium","545","tz","2012g-4-g2151ca6"
"openSUSE:Factory","chromium","545","xxHash","v0.7.4-975-ga60a8a7"
"openSUSE:Factory","chromium","545","zlib","v1.3.2-3-g846a66a"
"openSUSE:Factory","chromium","545","zstd","v1.4.7-2982-g81cf153"
"openSUSE:Factory","civetweb","11","lua","=list-1-gf6c627a"
"openSUSE:Factory","clementine","68","googletest","0^20100413.1b71f0b272f4d3dfb45db44ab39a77727ddafb9b"
"openSUSE:Factory","cloud-hypervisor","12","zlib","v1.3.1.2-154-g9e35567"
"openSUSE:Factory","cloud-hypervisor","12","zstd","v1.4.7-2625-g23e5f80"
"openSUSE:Factory","clucene-core","32","zlib","v1.2.3"
"openSUSE:Factory","cmake","278","bzip2","bzip2-1.0.8"
"openSUSE:Factory","cmake","278","curl","curl-8_19_0-504-g5190567"
"openSUSE:Factory","cmake","278","libarchive","v3.8.5-8-gec5fb49"
"openSUSE:Factory","cmake","278","libexpat","R_2_7_2-52-g2ecaca8"
"openSUSE:Factory","cmake","278","libuv","v1.51.0-102-g2e2114e"
"openSUSE:Factory","cmake","278","nghttp2","v1.67.0-45-g3a95bf4"
"openSUSE:Factory","cmake","278","xz","v5.7.0alpha-341-g6cd7c86"
"openSUSE:Factory","cmake","278","zlib","v1.3.1"
"openSUSE:Factory","cmake","278","zstd","v1.4.7-2566-g82346b9"
"openSUSE:Factory","Coin4","4","libexpat","R_2_2_9-130-g3af8f46"
"openSUSE:Factory","Coin","7","libexpat","R_2_0_0-42-g56e145f"
"openSUSE:Factory","collada-dom","5","libxml2","v2.7.6-33-g615904f"
"openSUSE:Factory","collada-dom","5","minizip-ng","0^20120121.35c6102e21d76019206154de07b8bb8577018825"
"openSUSE:Factory","collada-dom","5","zlib","v1.2.5"
"openSUSE:Factory","commandergenius","40","lua","v5-3-5"
"openSUSE:Factory","coolercontrol","3","zstd","v1.4.7-2625-g23e5f80"
"openSUSE:Factory","coreboot-utils","36","lz4","r131-62-g4fcb2e1"
"openSUSE:Factory","coreboot-utils","36","zlib","v1.3"
"openSUSE:Factory","coreos-installer","6","xz","v5.3.1alpha-73-gba76d67"
"openSUSE:Factory","coreos-installer","6","zstd","v1.4.7-2625-g23e5f80"
"openSUSE:Factory","cosmic-edit","12","zstd","v1.4.7-2625-g23e5f80"
"openSUSE:Factory","cosmic-ext-dirstat","4","zstd","v1.4.7-2625-g23e5f80"
"openSUSE:Factory","cosmic-files","14","zstd","v1.4.7-2625-g23e5f80"
"openSUSE:Factory","cosmic-settings-daemon","2","zstd","v1.4.7-2625-g23e5f80"
"openSUSE:Factory","cosmic-store","12","zstd","v1.4.7-2625-g23e5f80"
"openSUSE:Factory","cosmic-term","13","zstd","v1.4.7-2625-g23e5f80"
"openSUSE:Factory","cpp-httplib","21","cpp-httplib","v0.49.0"
"openSUSE:Factory","cpp-httplib","21","googletest","release-1.12.0-77-gd1a0039"
"openSUSE:Factory","cpupower","66","libbpf","v1.7.0-13-g5ca5801"
"openSUSE:Factory","cpupower","66","xz-embedded","v2024-04-05"
"openSUSE:Factory","cpupower","66","zlib","v1.2.0"
"openSUSE:Factory","ctranslate2","6","googletest","v1.14.0-105-g31993df"
"openSUSE:Factory","cura-engine","14","rapidjson","v1.0.1-85-g761561a"
"openSUSE:Factory","curl","227","curl","rc-8_22_0-3-86-g610bf01"
"openSUSE:Factory","cvs","38","zlib","v1.2.3"
"openSUSE:Factory","dasher","58","googletest","0^20100413.1b71f0b272f4d3dfb45db44ab39a77727ddafb9b"
"openSUSE:Factory","dasher","58","libexpat","R_2_0_0-60-g5e0d9e6"
"openSUSE:Factory","davix","14","curl","curl-7_68_0-212-gcf7760a"
"openSUSE:Factory","davix","14","rapidjson","v1.0.1-747-g17254e0"
"openSUSE:Factory","ddnet","43","zlib","v1.3.1"
"openSUSE:Factory","deltarpm","33","zlib","v1.2.2.2"
"openSUSE:Factory","deno","1","tz","2012g-4-g2151ca6"
"openSUSE:Factory","distcc","16","popt","popt-1_4-177-g831702a"
"openSUSE:Factory","dlib","9","libjpeg-turbo","jpeg-9e"
"openSUSE:Factory","dlib","9","libpng","v1.6.37"
"openSUSE:Factory","dlib","9","zlib","v1.2.11"
"openSUSE:Factory","dmd","45","zlib","v1.3.1"
"openSUSE:Factory","dolphin-emu","26","googletest","v1.14.0-260-g37678c9"
"openSUSE:Factory","dolphin-emu","26","mbedtls","v2.27.0-572-gd41dab3"
"openSUSE:Factory","dolphin-emu","26","rapidjson","v1.1.0-529-g134af9d"
"openSUSE:Factory","dolphin-emu","26","xz","v5.2.1-79-g94e3f98"
"openSUSE:Factory","doom64ex-plus","4","libpng","v1.6.38"
"openSUSE:Factory","doom64ex-plus","4","zlib","v1.2.13"
"openSUSE:Factory","doomsday","31","assimp","v3.3-2-ga5b3ce9"
"openSUSE:Factory","doomsday","31","rapidjson","v1.0.1-106-gd26d500"
"openSUSE:Factory","doomsday","31","zlib","v1.2.8"
"openSUSE:Factory","dosbox","51","xxHash","v0.7.4-655-g0564d04"
"openSUSE:Factory","doxx","3","bzip2","bzip2-1.0.8"
"openSUSE:Factory","doxx","3","xz","v5.3.1alpha-73-gba76d67"
"openSUSE:Factory","doxx","3","zstd","v1.4.7-2625-g23e5f80"
"openSUSE:Factory","draco","4","googletest","v1.14.0-247-g0934b7e"
"openSUSE:Factory","dssim","3","aom","v3.5.0-rc1-1-g9a64d05"
"openSUSE:Factory","dssim","3","libjpeg-turbo","2.1.4-121-g96bc40c"
"openSUSE:Factory","dssim","3","libwebp","v1.2.1-39-g973390b"
"openSUSE:Factory","dssim","3","Little-CMS","lcms2.13.1-82-gbe25a63"
"openSUSE:Factory","DSView","3","minizip-ng","0^20181101.252588f6a78bd7656f4e03d1b236695b3182ff7d"
"openSUSE:Factory","duc","5","uthash","0^20130107.07bca4ce0a21516334e8e82f5792cd6d74adb4ff"
"openSUSE:Factory","dwarves","47","libbpf","v1.5.0-96-gc8a2881"
"openSUSE:Factory","ecwolf","6","libpng","v1.5.9-735-g238e764"
"openSUSE:Factory","editorconfig-core-c","17","uthash","v2.3.0-1-g86e6776"
"openSUSE:Factory","edk2","17","brotli","v1.0.9-74-g6db17c8"
"openSUSE:Factory","edk2","17","googletest","release-1.12.0-77-gd1a0039"
"openSUSE:Factory","edk2","17","mbedtls","v3.6.0-1290-g468c0ae"
"openSUSE:Factory","efl","59","lz4","v1.9.2-41-g7224f9b"
"openSUSE:Factory","efl","59","xxHash","v0.6.4-63-gb39d9be"
"openSUSE:Factory","emacs-libgit2","4","zlib","v1.2.11"
"openSUSE:Factory","emptyepsilon","8","freetype","VER-2-11-0"
"openSUSE:Factory","emptyepsilon","8","zstd","v1.4.7-137-gd7db928"
"openSUSE:Factory","encfs","43","googletest","release-1.8.0-1119-g00fc0d2"
"openSUSE:Factory","encfs","43","tinyxml2","5.0.1"
"openSUSE:Factory","eog","177","libjpeg-turbo","jpeg-8"
"openSUSE:Factory","erlang","145","zlib","v1.3.1.2-154-g9e35567"
"openSUSE:Factory","erlang","145","zstd","v1.4.7-2625-g23e5f80"
"openSUSE:Factory","erlang27","3","zlib","v1.2.13"
"openSUSE:Factory","espanso","6","bzip2","bzip2-1.0.8"
"openSUSE:Factory","expat","88","libexpat","R_2_8_3-65-g680f323"
"openSUSE:Factory","eza","81","zlib","v1.3.1.2-154-g9e35567"
"openSUSE:Factory","fastfetch","98","yyjson","0.12.0"
"openSUSE:Factory","fastlzlib","3","lz4","r126-73-g002ec60"
"openSUSE:Factory","ffms2","4","googletest","release-1.8.1-198-gb57c703"
"openSUSE:Factory","firefox-esr","42","aom","v3.13.3-444-gb9e4140"
"openSUSE:Factory","firefox-esr","42","brotli","v1.2.0-77-g4792c8e"
"openSUSE:Factory","firefox-esr","42","curl","curl-7_64_0-129-ge1be825"
"openSUSE:Factory","firefox-esr","42","fmt","11.0.2-239-ge5b20ff"
"openSUSE:Factory","firefox-esr","42","freetype","VER-2-14-3-39-g7e37509"
"openSUSE:Factory","firefox-esr","42","googletest","v1.14.0-292-gd72f9c8"
"openSUSE:Factory","firefox-esr","42","harfbuzz","14.2.1-46-g4753f01"
"openSUSE:Factory","firefox-esr","42","hunspell","v1.7.2-270-gb975260"
"openSUSE:Factory","firefox-esr","42","libevent","release-2.1.11-stable-120-g1c9cc07"
"openSUSE:Factory","firefox-esr","42","libexpat","R_2_8_0-33-g690a7c4"
"openSUSE:Factory","firefox-esr","42","libjpeg-turbo","3.0.4-116-g2bdc5ac"
"openSUSE:Factory","firefox-esr","42","libpng","v1.6.58"
"openSUSE:Factory","firefox-esr","42","libwebp","v1.5.0-56-gce53efd"
"openSUSE:Factory","firefox-esr","42","lz4","v1.9.2-1222-gcc1508f"
"openSUSE:Factory","firefox-esr","42","tz","2012g-4-g2151ca6"
"openSUSE:Factory","firefox-esr","42","xxHash","v0.7.4-684-g2b23bc5"
"openSUSE:Factory","firefox-esr","42","xz-embedded","linux-2.6.38-16-gee2a443"
"openSUSE:Factory","firefox-esr","42","zlib","v1.3.1.2-154-g9e35567"
"openSUSE:Factory","firefox-esr","42","zstd","v1.4.7-2566-g82346b9"
"openSUSE:Factory","fish","52","pcre2","pcre2-10.43-RC1-16-gbd1eec7"
"openSUSE:Factory","flac","61","flac","1.5.0"
"openSUSE:Factory","flexiblas","1","lua","v5.4.7"
"openSUSE:Factory","fltk","51","libjpeg-turbo","jpeg-9f"
"openSUSE:Factory","fltk","51","libpng","v1.6.43"
"openSUSE:Factory","fltk","51","zlib","v1.3.1"
"openSUSE:Factory","fmt-10","1","fmt","10.1.1-118-g6855bd5"
"openSUSE:Factory","fmt-10","1","googletest","release-1.10.0-571-g0a3a3a8"
"openSUSE:Factory","fmt","33","fmt","12.0.0-37-ge8da5ba"
"openSUSE:Factory","fmt","33","googletest","release-1.10.0-571-g0a3a3a8"
"openSUSE:Factory","fmt-9","1","fmt","8.1.1-237-gba50c19"
"openSUSE:Factory","fmt-9","1","googletest","release-1.10.0-571-g0a3a3a8"
"openSUSE:Factory","fnm","3","bzip2","bzip2-1.0.8"
"openSUSE:Factory","fnm","3","xz","v5.3.1alpha-73-gba76d67"
"openSUSE:Factory","fnm","3","zstd","v1.4.7-2163-g01cea2e"
"openSUSE:Factory","focuswriter","38","hunspell","v1.7.2-270-gb975260"
"openSUSE:Factory","forgejo-cli","11","pcre2","pcre2-10.46-178-gc1acd51"
"openSUSE:Factory","forgejo-cli","11","zlib","v1.3.1.2-154-g9e35567"
"openSUSE:Factory","form","10","zstd","v1.4.7-2625-g23e5f80"
"openSUSE:Factory","fossil","44","zlib","v1.3.1"
"openSUSE:Factory","fractal","22","libwebp","v1.3.1-71-g95ea522"
"openSUSE:Factory","framel","11","zlib","v1.0.4"
"openSUSE:Factory","framework_tool","14","libusb","v1.0.27"
"openSUSE:Factory","framework_tool","14","zlib","v1.3.1.2-154-g9e35567"
"openSUSE:Factory","freecell-solver","13","xxHash","v0.7.4-684-g2b23bc5"
"openSUSE:Factory","freeciv","37","lua","v5.4.8-3-g934fdd4"
"openSUSE:Factory","freetype2","114","freetype","VER-2-14-3"
"openSUSE:Factory","freetype2","114","zlib","v1.3.1"
"openSUSE:Factory","fresh-editor","14","xz","v5.3.1alpha-73-gba76d67"
"openSUSE:Factory","gammaray","35","lz4","v1.9.2-1206-g0642ae2"
"openSUSE:Factory","gap","9","zlib","v1.3"
"openSUSE:Factory","gap-profiling","7","rapidjson","v1.0.1-106-gd26d500"
"openSUSE:Factory","garage","10","libsodium","1.0.18-RELEASE-141-gdf83ed9"
"openSUSE:Factory","garage","10","zstd","v1.4.7-2625-g23e5f80"
"openSUSE:Factory","gcc13","41","minizip-ng","0^20181101.252588f6a78bd7656f4e03d1b236695b3182ff7d"
"openSUSE:Factory","gcc13","41","zlib","v1.2.11-2-g5ff9890"
"openSUSE:Factory","gcc14","24","minizip-ng","0^20181101.252588f6a78bd7656f4e03d1b236695b3182ff7d"
"openSUSE:Factory","gcc14","24","zlib","v1.2.11-2-g5ff9890"
"openSUSE:Factory","gcc15","23","minizip-ng","0^20181101.252588f6a78bd7656f4e03d1b236695b3182ff7d"
"openSUSE:Factory","gcc15","23","zlib","v1.2.11-2-g5ff9890"
"openSUSE:Factory","gcc16","11","zlib","v1.3.1"
"openSUSE:Factory","gcc7","49","minizip-ng","0^20181101.252588f6a78bd7656f4e03d1b236695b3182ff7d"
"openSUSE:Factory","gcc7","49","zlib","v1.2.11-2-g5ff9890"
"openSUSE:Factory","gdal","113","json-c","0^20230716.efc530594bc1578cb8f8b1e2cd8a1c1b395a6326"
"openSUSE:Factory","gdal","113","zlib","v1.3.1"
"openSUSE:Factory","gdb","193","zlib","v1.2.12"
"openSUSE:Factory","gdcm","24","openjpeg","v2.5.2-50-ge0e0c80"
"openSUSE:Factory","gegl","94","libnsgif","release/0.2.1-226-g8062f91"
"openSUSE:Factory","ghc","121","xxHash","v0.7.4-836-ga8d6ff0"
"openSUSE:Factory","ghc-hashable","41","xxHash","v0.7.4-836-ga8d6ff0"
"openSUSE:Factory","ghc-lua","8","lua","v5.4.8"
"openSUSE:Factory","ghostscript","78","brotli","v1.2.0-76-g7c2def1"
"openSUSE:Factory","ghostty","3","freetype","VER-2-13-2"
"openSUSE:Factory","ghostty","3","harfbuzz","11.0.0"
"openSUSE:Factory","ghostty","3","libpng","v1.6.43"
"openSUSE:Factory","ghostty","3","libxml2","v2.11.0-66-g58de9d3"
"openSUSE:Factory","ghostty","3","zlib","v1.3.1"
"openSUSE:Factory","giada","23","harfbuzz","10.1.0"
"openSUSE:Factory","giada","23","libexpat","R_2_1_0-26-gb3a467e"
"openSUSE:Factory","giada","23","libjpeg-turbo","jpeg-9f"
"openSUSE:Factory","giada","23","libpng","v1.6.44"
"openSUSE:Factory","giada","23","rapidjson","v1.1.0-543-gebcbd04"
"openSUSE:Factory","giada","23","zlib","v1.3.1"
"openSUSE:Factory","git-absorb","5","zlib","v1.3.1"
"openSUSE:Factory","git-cliff","23","pcre2","pcre2-10.46-178-gc1acd51"
"openSUSE:Factory","git-cliff","23","zlib","v1.3.1.2-154-g9e35567"
"openSUSE:Factory","git-cliff","23","zstd","v1.4.7-2625-g23e5f80"
"openSUSE:Factory","git-credential-keepassxc","3","libusb","v1.0.24"
"openSUSE:Factory","git-delta","16","zlib","v1.3.1.2-154-g9e35567"
"openSUSE:Factory","git-next","8","zlib","v1.3.1.2-154-g9e35567"
"openSUSE:Factory","gitoxide","11","curl","curl-8_20_0-522-gb3675fe"
"openSUSE:Factory","gitoxide","11","xz","v5.3.1alpha-73-gba76d67"
"openSUSE:Factory","gitoxide","11","zlib","v1.3.1.2-154-g9e35567"
"openSUSE:Factory","gitui","12","zlib","v1.3.1.2-154-g9e35567"
"openSUSE:Factory","glibc","307","tz","2026b-6-gf201ea4"
"openSUSE:Factory","glmark2","28","libjpeg-turbo","1.4.2-16-gf57bae0"
"openSUSE:Factory","glmark2","28","libpng","v1.2.46"
"openSUSE:Factory","glmark2","28","zlib","v1.2.11"
"openSUSE:Factory","glpk","29","zlib","v1.2.5"
"openSUSE:Factory","glusterfs","41","xxHash","v0.6.4-56-g3064d42"
"openSUSE:Factory","glycin","8","Little-CMS","lcms2.19-4-g40588c3"
"openSUSE:Factory","gmsh","21","tinyxml2","10.0.0-27-gc93b6f7"
"openSUSE:Factory","godot3","11","brotli","go/cbrotli/v1.1.0-59-gf964a1e"
"openSUSE:Factory","godot3","11","freetype","VER-2-12-1"
"openSUSE:Factory","godot3","11","libpng","v1.6.58"
"openSUSE:Factory","godot3","11","libwebp","v1.3.1-2-g63234c4"
"openSUSE:Factory","godot3","11","mbedtls","v3.6.6-342-ga60a318"
"openSUSE:Factory","godot3","11","pcre2","pcre2-10.42"
"openSUSE:Factory","godot3","11","zlib","v1.3.1"
"openSUSE:Factory","godot3","11","zstd","v1.4.7-1719-ge4120c5"
"openSUSE:Factory","godot","51","brotli","v1.2.0-1-ge230f47"
"openSUSE:Factory","godot","51","freetype","VER-2-14-3"
"openSUSE:Factory","godot","51","harfbuzz","14.2.1-46-g4753f01"
"openSUSE:Factory","godot","51","libjpeg-turbo","3.0.3-35-geb75363"
"openSUSE:Factory","godot","51","libpng","v1.6.58"
"openSUSE:Factory","godot","51","libwebp","v1.5.0-56-gce53efd"
"openSUSE:Factory","godot","51","mbedtls","v3.6.6-342-ga60a318"
"openSUSE:Factory","godot","51","pcre2","pcre2-10.46-181-g5a6b32c"
"openSUSE:Factory","godot","51","zlib","v1.3.1.2-154-g9e35567"
"openSUSE:Factory","godot","51","zstd","v1.4.7-2625-g23e5f80"
"openSUSE:Factory","golly","6","lua","v5.4.8"
"openSUSE:Factory","golly","6","zlib","v1.2.12"
"openSUSE:Factory","gomuks","6","libwebp","v1.6.0-177-gfcae149"
"openSUSE:Factory","googletest","24","googletest","v1.14.0-247-g0934b7e"
"openSUSE:Factory","goose","5","zstd","v1.4.7-2625-g23e5f80"
"openSUSE:Factory","goxel","12","uthash","v2.1.0-3-gf19dde2"
"openSUSE:Factory","goxel","12","xxHash","v0.7.0-236-g8293860"
"openSUSE:Factory","gparted","64","googletest","v1.14.0-178-gb4aae50"
"openSUSE:Factory","gperftools","35","googletest","v1.14.0-260-g37678c9"
"openSUSE:Factory","gping","4","zlib","v1.3.1"
"openSUSE:Factory","gpsbabel","40","libusb","v1.0.27"
"openSUSE:Factory","grabpng","2","libpng","v1.5.8-10-g288c59a"
"openSUSE:Factory","grabpng","2","zlib","v1.2.3"
"openSUSE:Factory","gri","21","popt","popt-1_2"
"openSUSE:Factory","grok-build","10","bzip2","bzip2-1.0.8"
"openSUSE:Factory","grok-build","10","pcre2","pcre2-10.46-178-gc1acd51"
"openSUSE:Factory","grok-build","10","xz","v5.3.1alpha-73-gba76d67"
"openSUSE:Factory","grok-build","10","zlib","v1.3.1.2-154-g9e35567"
"openSUSE:Factory","grok-build","10","zstd","v1.4.7-2625-g23e5f80"
"openSUSE:Factory","gromacs","62","googletest","v1.14.0-247-g0934b7e"
"openSUSE:Factory","gromacs","62","tinyxml2","9.0.0"
"openSUSE:Factory","gromacs","62","zlib","v1.2.5"
"openSUSE:Factory","grub2","398","libgcrypt","libgcrypt-1.11-base-449-g1875758"
"openSUSE:Factory","grub2","398","zstd","fuzz-corpora-1354-gd4337b6"
"openSUSE:Factory","gsmartcontrol","10","fmt","11.0.2-239-ge5b20ff"
"openSUSE:Factory","gstreamer-devtools","52","zstd","v1.4.7-2625-g23e5f80"
"openSUSE:Factory","gstreamer-plugins-rs","53","libsodium","1.0.18-RELEASE-141-gdf83ed9"
"openSUSE:Factory","gstreamer-plugins-rs","53","libwebp","webp-rfc9649-17-g3692384"
"openSUSE:Factory","gstreamer-plugins-rs","53","xz","v5.8.2-3-gb80b634"
"openSUSE:Factory","gstreamer-plugins-rs","53","zstd","v1.4.7-2625-g23e5f80"
"openSUSE:Factory","gtkwave","35","lz4","v1.9.2-946-g2b23260"
"openSUSE:Factory","gwenview","31","libjpeg-turbo","jpeg-8d-2-g3040e5e"
"openSUSE:Factory","hactool","3","lz4","v1.8.1.2-166-g5ad4599"
"openSUSE:Factory","hactool","3","mbedtls","mbedtls-2.6.1"
"openSUSE:Factory","hadrian","2","xxHash","v0.7.4-836-ga8d6ff0"
"openSUSE:Factory","halloy","26","xz","v5.3.1alpha-73-gba76d67"
"openSUSE:Factory","halloy","26","zstd","v1.4.7-2625-g23e5f80"
"openSUSE:Factory","hamclock","1","zlib","v1.3.1-194-ged16107"
"openSUSE:Factory","hamlib","29","uthash","v2.3.0-19-g41c357f"
"openSUSE:Factory","harfbuzz","141","harfbuzz","14.3.1-193-g64dab85"
"openSUSE:Factory","hashcat","13","xxHash","v0.7.4-868-g9998b5d"
"openSUSE:Factory","hashcat","13","zlib","v1.3.1-201-g5a82f71"
"openSUSE:Factory","hashlink","12","libjpeg-turbo","jpeg-8d-1394-g8e9cef2"
"openSUSE:Factory","hashlink","12","libpng","libpng-1.6.26-signed"
"openSUSE:Factory","hashlink","12","libuv","v1.9.0-40-g40e7a98"
"openSUSE:Factory","hashlink","12","mbedtls","v3.6.0-1290-g468c0ae"
"openSUSE:Factory","hashlink","12","pcre2","pcre2-10.40"
"openSUSE:Factory","hashlink","12","zlib","v1.2.8"
"openSUSE:Factory","hawk2","48","libxml2","v2.13.2-1-gdd5adf5"
"openSUSE:Factory","hfsfuse","10","uthash","v2.3.0-19-g41c357f"
"openSUSE:Factory","himalaya","11","pcre2","pcre2-10.46-178-gc1acd51"
"openSUSE:Factory","himalaya","11","zlib","v1.3.1.2-154-g9e35567"
"openSUSE:Factory","hunspell","57","hunspell","v1.7.2-34-gb88f9ea"
"openSUSE:Factory","hurl","8","curl","curl-8_18_0-500-g1495489"
"openSUSE:Factory","hurl","8","zlib","v1.3.1.2-154-g9e35567"
"openSUSE:Factory","icu","98","tz","2012g-4-g2151ca6"
"openSUSE:Factory","id3lib","36","zlib","v1.1.4"
"openSUSE:Factory","identity","6","libwebp","webp-rfc9649-17-g3692384"
"openSUSE:Factory","ImHex","8","fmt","12.0.0-37-ge8da5ba"
"openSUSE:Factory","ImHex","8","googletest","release-1.10.0-571-g0a3a3a8"
"openSUSE:Factory","include-what-you-use","25","googletest","v1.14.0-207-g59c924b"
"openSUSE:Factory","insighttoolkit","23","googletest","v1.14.0-105-g31993df"
"openSUSE:Factory","insighttoolkit","23","libexpat","R_2_4_0-5-g8001550"
"openSUSE:Factory","insighttoolkit","23","libpng","v1.6.42-15-g920db2e"
"openSUSE:Factory","insighttoolkit","23","openjpeg","v2.5.2-50-ge0e0c80"
"openSUSE:Factory","intel-graphics-compiler","23","googletest","release-1.10.0-108-g681454d"
"openSUSE:Factory","intel-media-driver","51","googletest","release-1.12.0-77-gd1a0039"
"openSUSE:Factory","intel-opencl","28","googletest","v1.14.0-207-g59c924b"
"openSUSE:Factory","intel-vaapi-driver","20","googletest","release-1.8.0-351-gd30a37e"
"openSUSE:Factory","ironwail","4","curl","curl-8_10_0-3-g30865e0"
"openSUSE:Factory","irrlicht","6","bzip2","bzip2-1.0.6"
"openSUSE:Factory","iverilog","10","lz4","v1.9.2-946-g2b23260"
"openSUSE:Factory","java-11-openj9","40","freetype","VER-2-14-3"
"openSUSE:Factory","java-11-openj9","40","googletest","release-1.8.1-1-gd2b8994"
"openSUSE:Factory","java-11-openj9","40","harfbuzz","11.4.1-29-g2254574"
"openSUSE:Factory","java-11-openj9","40","zlib","v1.3.1.2-154-g9e35567"
"openSUSE:Factory","java-11-openjdk","90","freetype","VER-2-14-3"
"openSUSE:Factory","java-11-openjdk","90","googletest","release-1.8.1-1-gd2b8994"
"openSUSE:Factory","java-11-openjdk","90","harfbuzz","11.4.1-29-g2254574"
"openSUSE:Factory","java-17-openj9","30","freetype","VER-2-14-3"
"openSUSE:Factory","java-17-openj9","30","googletest","release-1.8.0-351-gd30a37e"
"openSUSE:Factory","java-17-openj9","30","harfbuzz","11.4.1-29-g2254574"
"openSUSE:Factory","java-17-openj9","30","zlib","v1.3.1.2-154-g9e35567"
"openSUSE:Factory","java-17-openjdk","51","freetype","VER-2-14-3"
"openSUSE:Factory","java-17-openjdk","51","harfbuzz","11.4.1-29-g2254574"
"openSUSE:Factory","java-1_8_0-openj9","42","freetype","VER-2-14-3"
"openSUSE:Factory","java-1_8_0-openj9","42","googletest","release-1.8.0-351-gd30a37e"
"openSUSE:Factory","java-1_8_0-openj9","42","zlib","v1.3.1.2-154-g9e35567"
"openSUSE:Factory","java-21-openj9","20","freetype","VER-2-14-3"
"openSUSE:Factory","java-21-openj9","20","googletest","release-1.8.0-351-gd30a37e"
"openSUSE:Factory","java-21-openj9","20","harfbuzz","11.4.1-29-g2254574"
"openSUSE:Factory","java-21-openj9","20","zlib","v1.3.1.2-154-g9e35567"
"openSUSE:Factory","java-21-openjdk","28","freetype","VER-2-14-3"
"openSUSE:Factory","java-21-openjdk","28","harfbuzz","11.4.1-29-g2254574"
"openSUSE:Factory","java-25-openj9","9","freetype","VER-2-14-3"
"openSUSE:Factory","java-25-openj9","9","googletest","release-1.8.0-351-gd30a37e"
"openSUSE:Factory","java-25-openj9","9","harfbuzz","11.4.1-29-g2254574"
"openSUSE:Factory","java-25-openj9","9","zlib","v1.3.1.2-154-g9e35567"
"openSUSE:Factory","java-25-openjdk","11","freetype","VER-2-14-3"
"openSUSE:Factory","java-25-openjdk","11","harfbuzz","11.4.1-29-g2254574"
"openSUSE:Factory","java-26-openjdk","4","freetype","VER-2-14-2"
"openSUSE:Factory","java-26-openjdk","4","harfbuzz","11.4.1-29-g2254574"
"openSUSE:Factory","json-c","32","json-c","0^20260627.c205bc094d66a9fb730b3fefa00b3b4656c80482"
"openSUSE:Factory","julius","9","zlib","v1.2.6.1-57-g6c9bd47"
"openSUSE:Factory","kate","199","rapidjson","v1.1.0-763-g24b5e7a"
"openSUSE:Factory","kicad","88","fmt","12.0.0-37-ge8da5ba"
"openSUSE:Factory","kicad","88","zlib","v1.2.13-11-ge9d5486"
"openSUSE:Factory","kime","2","freetype","VER-2-6-5"
"openSUSE:Factory","kime","2","libexpat","R_2_1_1-1-gfe43212"
"openSUSE:Factory","kismet","63","xxHash","v0.6.4-56-g3064d42"
"openSUSE:Factory","kubectl-retina","1","libbpf","v1.4.0-91-ge6f1ae2"
"openSUSE:Factory","kubediff","2","zlib","v1.3.1.2-154-g9e35567"
"openSUSE:Factory","kubie","30","boringssl","fips-20210429-1245-gdd68e4b"
"openSUSE:Factory","kvm_stat","25","libbpf","v1.5.0-123-g7356be6"
"openSUSE:Factory","kwctl","10","boringssl","fips-20210429-1245-gdd68e4b"
"openSUSE:Factory","kwctl","10","zstd","v1.4.7-2625-g23e5f80"
"openSUSE:Factory","lagrange","102","harfbuzz","2.8.1-86-g2337f0d"
"openSUSE:Factory","lapce","24","minizip-ng","0^20181101.252588f6a78bd7656f4e03d1b236695b3182ff7d"
"openSUSE:Factory","lapce","24","zlib","v1.3.1"
"openSUSE:Factory","lapce","24","zstd","v1.4.7-917-g46ad937"
"openSUSE:Factory","lbzip2","6","bzip2","bzip2-0.1pl2"
"openSUSE:Factory","lcms2","43","Little-CMS","lcms2.19-4-g40588c3"
"openSUSE:Factory","ldc","27","zlib","v1.3.1"
"openSUSE:Factory","leveldb","18","leveldb","1.23"
"openSUSE:Factory","libaom","24","aom","v3.12.1-252-g7e6159d"
"openSUSE:Factory","libarchive","65","libarchive","v3.8.9"
"openSUSE:Factory","libb2","2","libb2","v0.98-6-g4d8616d"
"openSUSE:Factory","libbpf","33","libbpf","v1.6.0-128-gdbd3986"
"openSUSE:Factory","libbullet","12","zlib","v1.2.5"
"openSUSE:Factory","libcgroup","1","googletest","release-1.8.0-351-gd30a37e"
"openSUSE:Factory","libchdr","1","zstd","v1.4.7-2529-ge3181cf"
"openSUSE:Factory","libdovi","6","freetype","VER-2-13-2"
"openSUSE:Factory","libdovi","6","zlib","v1.2.12-37-g19f8551"
"openSUSE:Factory","libetebase","4","libsodium","1.0.18-RELEASE-141-gdf83ed9"
"openSUSE:Factory","libevent","44","libevent","release-2.1.11-stable-120-g1c9cc07"
"openSUSE:Factory","libfabric","63","uthash","v2.0.2-35-gffb3fc6"
"openSUSE:Factory","libfaketime","8","uthash","v2.0.2-23-g87e4643"
"openSUSE:Factory","libfunambol","13","zlib","v1.1.4"
"openSUSE:Factory","libgcrypt","114","libgcrypt","libgcrypt-1.12.2-78-g7199d14"
"openSUSE:Factory","libgdiplus","5","googletest","release-1.12.0-77-gd1a0039"
"openSUSE:Factory","libgit2","75","pcre2","pcre2-10.46-178-gc1acd51"
"openSUSE:Factory","libgit2","75","zlib","v1.3.1"
"openSUSE:Factory","libglvnd","30","uthash","v2.3.0"
"openSUSE:Factory","libjpeg-turbo","78","libjpeg-turbo","3.0.4-116-g2bdc5ac"
"openSUSE:Factory","libjpeg-turbo","78","zlib","v1.3.1.2-154-g9e35567"
"openSUSE:Factory","libjxl","27","libjxl","v0.11-snapshot-669-g22ad80a"
"openSUSE:Factory","libkrun","18","bzip2","bzip2-1.0.8"
"openSUSE:Factory","libkrun","18","zstd","v1.4.7-2625-g23e5f80"
"openSUSE:Factory","libmediainfo","46","fmt","11.0.2-239-ge5b20ff"
"openSUSE:Factory","libmfx","24","googletest","release-1.8.1-198-gb57c703"
"openSUSE:Factory","libmlt","83","libwebp","v0.4.1-622-g95509f9"
"openSUSE:Factory","libmlt","83","rapidjson","v1.1.0-727-g949c771"
"openSUSE:Factory","libmseed","18","yyjson","0.12.0"
"openSUSE:Factory","libmysofa","15","zlib","v1.3.1"
"openSUSE:Factory","libnxz","4","zlib","v1.2.6.1-57-g6c9bd47"
"openSUSE:Factory","libomemo-c","3","uthash","v2.0.1-19-g13723b1"
"openSUSE:Factory","libopenshot-audio","13","zlib","v1.2.0.5"
"openSUSE:Factory","libopnmidi","2","zlib","v1.2.11"
"openSUSE:Factory","libpng12","44","libpng","v1.2.59"
"openSUSE:Factory","libpng16","66","libpng","v1.6.58"
"openSUSE:Factory","libqt5-qtbase","161","harfbuzz","11.4.3-3-g724ae78"
"openSUSE:Factory","libqt5-qtbase","161","libpng","v1.6.47"
"openSUSE:Factory","libqt5-qtbase","161","pcre2","pcre2-10.44-221-g8e292df"
"openSUSE:Factory","libqt5-qtdoc","57","aom","v2.0.0-745-gc4fe78a"
"openSUSE:Factory","libqt5-qtdoc","57","assimp","v.5.0.0.rc2-186-gab3c174"
"openSUSE:Factory","libqt5-qtdoc","57","boringssl","fips-android-20191020-327-g3743aaf"
"openSUSE:Factory","libqt5-qtdoc","57","brotli","v1.0.7-23-g7f740f1"
"openSUSE:Factory","libqt5-qtdoc","57","bzip2","bzip2-1.0.6"
"openSUSE:Factory","libqt5-qtdoc","57","flac","1.3.1pre1-11-g5a36599"
"openSUSE:Factory","libqt5-qtdoc","57","freetype","VER-2-13-3"
"openSUSE:Factory","libqt5-qtdoc","57","googletest","release-1.10.0-565-gd4144d4"
"openSUSE:Factory","libqt5-qtdoc","57","harfbuzz","11.4.3-3-g724ae78"
"openSUSE:Factory","libqt5-qtdoc","57","hunspell","v1.6.0-27-gd8663bf"
"openSUSE:Factory","libqt5-qtdoc","57","leveldb","1.22-72-ga6b3a20"
"openSUSE:Factory","libqt5-qtdoc","57","libevent","release-1.4.14b-stable-12-g1d6e30e"
"openSUSE:Factory","libqt5-qtdoc","57","libexpat","R_2_2_9-48-g83e1688"
"openSUSE:Factory","libqt5-qtdoc","57","libjpeg-turbo","3.0.3-35-geb75363"
"openSUSE:Factory","libqt5-qtdoc","57","libpng","v1.6.47"
"openSUSE:Factory","libqt5-qtdoc","57","libtiff","v4.6.0-250-gd1487d7"
"openSUSE:Factory","libqt5-qtdoc","57","libusb","v1.0.17-rc1-5-gdef6a8f"
"openSUSE:Factory","libqt5-qtdoc","57","libwebp","webp-rfc9649-17-g3692384"
"openSUSE:Factory","libqt5-qtdoc","57","libxml2","v2.10.0-399-g5d55315"
"openSUSE:Factory","libqt5-qtdoc","57","Little-CMS","lcms2.10-4-ga35bacd"
"openSUSE:Factory","libqt5-qtdoc","57","minizip-ng","2.8.1"
"openSUSE:Factory","libqt5-qtdoc","57","openjpeg","v2.3.1-114-g0c2b633"
"openSUSE:Factory","libqt5-qtdoc","57","pcre2","pcre2-10.44-221-g8e292df"
"openSUSE:Factory","libqt5-qtdoc","57","rapidjson","v1.1.0-473-gb94c2a1"
"openSUSE:Factory","libqt5-qtdoc","57","sqlite","version-3.41.1-16-g4edd69b"
"openSUSE:Factory","libqt5-qtdoc","57","tz","2014a-10-ga3129e5"
"openSUSE:Factory","libqt5-qtdoc","57","uthash","v2.0.1-1-g614b6a5"
"openSUSE:Factory","libqt5-qtdoc","57","xz","v5.2.1-79-g94e3f98"
"openSUSE:Factory","libqt5-qtdoc","57","zlib","v1.3.1"
"openSUSE:Factory","libqt5-qtimageformats","58","libtiff","v4.6.0-250-gd1487d7"
"openSUSE:Factory","libqt5-qtimageformats","58","libwebp","webp-rfc9649-17-g3692384"
"openSUSE:Factory","libqt5-qtlocation","66","rapidjson","v1.1.0-2-g862c39b"
"openSUSE:Factory","libqt5-qtwebengine","109","aom","v2.0.0-745-gc4fe78a"
"openSUSE:Factory","libqt5-qtwebengine","109","boringssl","fips-android-20191020-327-g3743aaf"
"openSUSE:Factory","libqt5-qtwebengine","109","brotli","v1.0.7-23-g7f740f1"
"openSUSE:Factory","libqt5-qtwebengine","109","bzip2","bzip2-1.0.6"
"openSUSE:Factory","libqt5-qtwebengine","109","flac","1.3.1pre1-11-g5a36599"
"openSUSE:Factory","libqt5-qtwebengine","109","freetype","VER-2-10-2-64-g20186d1"
"openSUSE:Factory","libqt5-qtwebengine","109","googletest","release-1.10.0-565-gd4144d4"
"openSUSE:Factory","libqt5-qtwebengine","109","harfbuzz","2.7.2-21-gbbbcad0"
"openSUSE:Factory","libqt5-qtwebengine","109","hunspell","v1.6.0-27-gd8663bf"
"openSUSE:Factory","libqt5-qtwebengine","109","leveldb","1.22-72-ga6b3a20"
"openSUSE:Factory","libqt5-qtwebengine","109","libevent","release-1.4.14b-stable-12-g1d6e30e"
"openSUSE:Factory","libqt5-qtwebengine","109","libexpat","R_2_2_9-48-g83e1688"
"openSUSE:Factory","libqt5-qtwebengine","109","libjpeg-turbo","2.1.1"
"openSUSE:Factory","libqt5-qtwebengine","109","libpng","v1.6.37"
"openSUSE:Factory","libqt5-qtwebengine","109","libtiff","v4.0.10-150-g2105b48"
"openSUSE:Factory","libqt5-qtwebengine","109","libusb","v1.0.17-rc1-5-gdef6a8f"
"openSUSE:Factory","libqt5-qtwebengine","109","libwebp","v1.1.0-8-g50f60ad"
"openSUSE:Factory","libqt5-qtwebengine","109","libxml2","v2.10.0-399-g5d55315"
"openSUSE:Factory","libqt5-qtwebengine","109","Little-CMS","lcms2.10-4-ga35bacd"
"openSUSE:Factory","libqt5-qtwebengine","109","minizip-ng","2.8.1"
"openSUSE:Factory","libqt5-qtwebengine","109","openjpeg","v2.3.1-114-g0c2b633"
"openSUSE:Factory","libqt5-qtwebengine","109","rapidjson","v1.1.0-473-gb94c2a1"
"openSUSE:Factory","libqt5-qtwebengine","109","sqlite","version-3.41.1-16-g4edd69b"
"openSUSE:Factory","libqt5-qtwebengine","109","tz","2014a-10-ga3129e5"
"openSUSE:Factory","libqt5-qtwebengine","109","uthash","v2.0.1-1-g614b6a5"
"openSUSE:Factory","libqt5-qtwebengine","109","xz","v5.2.1-79-g94e3f98"
"openSUSE:Factory","libqt5-qtwebengine","109","zlib","v1.2.12-14-g5752b17"
"openSUSE:Factory","librdkafka","23","lz4","v1.9.2-585-gae179a9"
"openSUSE:Factory","librdkafka","23","xxHash","v0.6.4-56-g3064d42"
"openSUSE:Factory","librealsense","17","lz4","v1.9.2-231-gf61b034"
"openSUSE:Factory","librealsense","17","xxHash","v0.6.4-63-gb39d9be"
"openSUSE:Factory","librealsense","17","zstd","v1.4.7-2914-gc15fa3c"
"openSUSE:Factory","librime-lua","7","lua","v5.4.8"
"openSUSE:Factory","librist","6","lz4","v1.9.1-133-gd7cad81"
"openSUSE:Factory","librist","6","mbedtls","v2.26.0-343-g93c0847"
"openSUSE:Factory","librist","6","xxHash","v0.6.4-63-gb39d9be"
"openSUSE:Factory","libsignal-protocol-c","6","uthash","v2.0.1-19-g13723b1"
"openSUSE:Factory","libsndfile","69","libsndfile","1.2.2-27-gb9e1c63"
"openSUSE:Factory","libsodium","31","libsodium","1.0.21-RELEASE-62-ga77b7e7"
"openSUSE:Factory","libssh","84","libssh","libssh-0.11.4-40-g6edfb52"
"openSUSE:Factory","libusb-1_0","50","libusb","v1.0.30"
"openSUSE:Factory","libuv","39","libuv","v1.51.0-103-g4cb6a2d"
"openSUSE:Factory","libva-utils","30","googletest","release-1.10.0-677-gc5be393"
"openSUSE:Factory","libvma","22","googletest","0^20150825.1f87a0970dc0880c954ea4066fd7b72fad6fb089"
"openSUSE:Factory","libvpl","23","googletest","release-1.12.0-77-gd1a0039"
"openSUSE:Factory","libvpx","55","googletest","release-1.12.0-77-gd1a0039"
"openSUSE:Factory","libvterm","12","libvterm","v0.3.3"
"openSUSE:Factory","libwebp","44","libwebp","v1.5.0-56-gce53efd"
"openSUSE:Factory","libXISF","15","lz4","v1.9.2-1222-gcc1508f"
"openSUSE:Factory","libXISF","15","zlib","v1.3.1"
"openSUSE:Factory","libxml2","144","libxml2","v2.15.0-123-gd67a71d"
"openSUSE:Factory","libyaml","20","libyaml","0.2.4-9-g1008696"
"openSUSE:Factory","linux-npu-driver","7","googletest","v1.14.0-148-gd49a665"
"openSUSE:Factory","lite-xl-plugin-manager","18","lua","v5.4.6-7-gea39042"
"openSUSE:Factory","lite-xl-plugin-manager","18","mbedtls","v3.6.2-606-g8a4ec49"
"openSUSE:Factory","lite-xl-plugin-manager","18","xz","v5.7.0alpha-341-g6cd7c86"
"openSUSE:Factory","lite-xl-plugin-manager","18","zlib","v1.3.1.2"
"openSUSE:Factory","lix-installer","2","xz","v5.3.1alpha-73-gba76d67"
"openSUSE:Factory","lkl","16","libbpf","v1.3.0-106-ga20b60f"
"openSUSE:Factory","lkl","16","xz-embedded","v20240124-1-g428d291"
"openSUSE:Factory","lkl","16","zlib","v1.2.0"
"openSUSE:Factory","llamacpp","34","xxHash","v0.7.4-684-g2b23bc5"
"openSUSE:Factory","lldap","4","zstd","v1.4.7-2163-g01cea2e"
"openSUSE:Factory","lldpd","31","libevent","release-2.1.11-stable-120-g1c9cc07"
"openSUSE:Factory","llvm15","24","googletest","release-1.8.1-728-gbf0fe87"
"openSUSE:Factory","llvm18","19","googletest","v1.14.0-105-g31993df"
"openSUSE:Factory","llvm19","20","googletest","v1.14.0-105-g31993df"
"openSUSE:Factory","llvm20","16","googletest","v1.14.0-105-g31993df"
"openSUSE:Factory","llvm21","17","googletest","v1.14.0-105-g31993df"
"openSUSE:Factory","llvm22","8","googletest","v1.14.0-105-g31993df"
"openSUSE:Factory","llvm23","1","googletest","v1.14.0-105-g31993df"
"openSUSE:Factory","lmms","47","libpng","v1.6.37"
"openSUSE:Factory","lnav","14","fmt","10.0.0-66-gb2106f3"
"openSUSE:Factory","lnav","14","xxHash","v0.7.4-425-g6078dd6"
"openSUSE:Factory","loupe","19","Little-CMS","lcms2.17-32-gb09da54"
"openSUSE:Factory","love","12","lz4","v1.8.0-119-g6bbe45e"
"openSUSE:Factory","love","12","xxHash","v0.6.0-46-g23a889d"
"openSUSE:Factory","lsd","9","zlib","v1.3.1"
"openSUSE:Factory","lttng-tools","9","fmt","10.2.0-440-gaf8cd4e"
"openSUSE:Factory","lua53","8","lua","v5.3.6"
"openSUSE:Factory","lua54","35","lua","v5.4.8-1-g1b0f943"
"openSUSE:Factory","lua55","3","lua","v5.5.0"
"openSUSE:Factory","lua-compat-5.3","15","lua","v5-3-5"
"openSUSE:Factory","lua-language-server","22","fmt","12.0.0-37-ge8da5ba"
"openSUSE:Factory","lua-language-server","22","googletest","v1.14.0-105-g31993df"
"openSUSE:Factory","lua-language-server","22","lua","v5.5.0"
"openSUSE:Factory","lua-luv","17","libuv","v1.50.0-41-g69d2dfe"
"openSUSE:Factory","lua-luv","17","lua","v5-3-5"
"openSUSE:Factory","lucene++","14","googletest","release-1.10.0-565-gd4144d4"
"openSUSE:Factory","lwjgl3","1","lz4","v1.9.1-125-g064adb2"
"openSUSE:Factory","lwjgl3","1","xxHash","v0.7.1-1-g512b883"
"openSUSE:Factory","lwjgl3","1","zstd","v1.4.0-201-g01b2331"
"openSUSE:Factory","lyx","119","hunspell","v1.7.2-34-gb88f9ea"
"openSUSE:Factory","lyx","119","zlib","v1.2.11"
"openSUSE:Factory","lz4","22","lz4","v1.9.2-1222-gcc1508f"
"openSUSE:Factory","mame","41","lua","v5.4.7"
"openSUSE:Factory","mame","41","zstd","v1.4.7-1719-ge4120c5"
"openSUSE:Factory","manga-tui","4","xz","v5.7.2beta-24-gff5d944"
"openSUSE:Factory","manga-tui","4","zstd","v1.4.7-2625-g23e5f80"
"openSUSE:Factory","marble","205","zlib","v1.2.7.3-1-ge8fee0e"
"openSUSE:Factory","mariadb","165","wolfssl","v5.9.0-stable-349-g4fd0df4"
"openSUSE:Factory","mariadb","165","xxHash","v0.7.4-836-ga8d6ff0"
"openSUSE:Factory","mariadb","165","zlib","v1.3.1.2-154-g9e35567"
"openSUSE:Factory","mariadb-connector-c","56","zlib","v1.3.1"
"openSUSE:Factory","mbedtls-2","12","mbedtls","v2.28.9-105-g92e298e"
"openSUSE:Factory","mbedtls-3","2","mbedtls","v3.6.6-342-ga60a318"
"openSUSE:Factory","mbedtls","53","mbedtls","v4.1.0-194-gaa6c52b"
"openSUSE:Factory","mdadm","165","zlib","v1.2.0"
"openSUSE:Factory","mdbook-linkcheck","2","bzip2","bzip2-1.0.8"
"openSUSE:Factory","mdbook-linkcheck","2","xz","v5.3.1alpha-73-gba76d67"
"openSUSE:Factory","mdbook-linkcheck","2","zlib","v1.3.1"
"openSUSE:Factory","mednafen","27","zstd","v1.4.7-356-gc730b8c"
"openSUSE:Factory","meli","5","curl","curl-8_8_0-419-gae620a7"
"openSUSE:Factory","meli","5","nghttp2","v1.60.0-79-g749e1d8"
"openSUSE:Factory","meli","5","zlib","v1.3.1"
"openSUSE:Factory","melonds","3","xxHash","v0.7.4-684-g2b23bc5"
"openSUSE:Factory","memcached","76","lua","v5.4.3"
"openSUSE:Factory","memcached","76","xxHash","v0.7.4-162-g55be05e"
"openSUSE:Factory","Mesa","587","googletest","v1.14.0-105-g31993df"
"openSUSE:Factory","Mesa","587","xxHash","v0.7.4-836-ga8d6ff0"
"openSUSE:Factory","meshlab","5","bzip2","bzip2-1.0.5"
"openSUSE:Factory","micropython","28","mbedtls","v3.6.6-16-g3833db7"
"openSUSE:Factory","mingw32-binutils","13","zlib","v1.2.12"
"openSUSE:Factory","mingw32-gcc","17","zlib","v1.3.1"
"openSUSE:Factory","mingw32-zlib","8","zlib","v1.3.1.2-154-g9e35567"
"openSUSE:Factory","mingw64-binutils","13","zlib","v1.2.12"
"openSUSE:Factory","mingw64-gcc","17","zlib","v1.3.1"
"openSUSE:Factory","mingw64-zlib","9","zlib","v1.3.1.2-154-g9e35567"
"openSUSE:Factory","minizip-ng","5","minizip-ng","4.0.10-43-g5a3c62c"
"openSUSE:Factory","moarvm","44","libuv","v1.49.2-43-gbe8eec8"
"openSUSE:Factory","moarvm","44","xxHash","v0.7.4-367-gf035303"
"openSUSE:Factory","modsecurity","14","mbedtls","v4.1.0-240-g74b9ab2"
"openSUSE:Factory","mold","63","xxHash","v0.7.4-684-g2b23bc5"
"openSUSE:Factory","mold","63","zlib","v1.3.1"
"openSUSE:Factory","mold","63","zstd","v1.4.7-2625-g23e5f80"
"openSUSE:Factory","monero","2","googletest","release-1.8.0-1119-g00fc0d2"
"openSUSE:Factory","monero","2","libsodium","1.0.1-59-g4cd1d03"
"openSUSE:Factory","monero","2","rapidjson","v1.1.0-400-g3e255af"
"openSUSE:Factory","monero-gui","3","googletest","release-1.8.0-1119-g00fc0d2"
"openSUSE:Factory","monero-gui","3","libsodium","1.0.1-59-g4cd1d03"
"openSUSE:Factory","monero-gui","3","rapidjson","v1.1.0-400-g3e255af"
"openSUSE:Factory","mongo-c-driver","11","uthash","v2.3.0"
"openSUSE:Factory","mongo-c-driver","11","zlib","v1.3.1"
"openSUSE:Factory","mono-core","137","boringssl","version_for_cocoapods_3.0-171-g7975056"
"openSUSE:Factory","mono-core","137","brotli","v1.0.9"
"openSUSE:Factory","mono-core","137","googletest","release-1.8.0-351-gd30a37e"
"openSUSE:Factory","mono-core","137","zlib","v1.2.12-5-gec3df00"
"openSUSE:Factory","mosquitto","37","uthash","v2.1.0"
"openSUSE:Factory","MozillaFirefox","501","aom","v3.14.1-165-g46d3757"
"openSUSE:Factory","MozillaFirefox","501","brotli","v1.2.0-77-g4792c8e"
"openSUSE:Factory","MozillaFirefox","501","curl","curl-7_64_0-129-ge1be825"
"openSUSE:Factory","MozillaFirefox","501","fmt","11.0.2-239-ge5b20ff"
"openSUSE:Factory","MozillaFirefox","501","freetype","VER-2-14-3-39-g7e37509"
"openSUSE:Factory","MozillaFirefox","501","googletest","v1.14.0-297-ga721f1b"
"openSUSE:Factory","MozillaFirefox","501","harfbuzz","14.3.1-78-gdee6b6e"
"openSUSE:Factory","MozillaFirefox","501","hunspell","v1.7.2-270-gb975260"
"openSUSE:Factory","MozillaFirefox","501","libevent","release-2.1.13-stable"
"openSUSE:Factory","MozillaFirefox","501","libexpat","R_2_8_1-195-ge8efadb"
"openSUSE:Factory","MozillaFirefox","501","libjpeg-turbo","3.0.4-116-g2bdc5ac"
"openSUSE:Factory","MozillaFirefox","501","libpng","v1.6.58"
"openSUSE:Factory","MozillaFirefox","501","libwebp","v1.5.0-56-gce53efd"
"openSUSE:Factory","MozillaFirefox","501","lz4","v1.9.2-1222-gcc1508f"
"openSUSE:Factory","MozillaFirefox","501","tz","2012g-4-g2151ca6"
"openSUSE:Factory","MozillaFirefox","501","xxHash","v0.7.4-684-g2b23bc5"
"openSUSE:Factory","MozillaFirefox","501","xz-embedded","linux-2.6.38-16-gee2a443"
"openSUSE:Factory","MozillaFirefox","501","zlib","v1.3.1.2-154-g9e35567"
"openSUSE:Factory","MozillaFirefox","501","zstd","v1.4.7-2566-g82346b9"
"openSUSE:Factory","mozilla-nss","245","googletest","release-1.10.0-677-gc5be393"
"openSUSE:Factory","mozilla-nss","245","zlib","v1.3.1.2-154-g9e35567"
"openSUSE:Factory","MozillaThunderbird","393","aom","v3.12.1-114-g719f60e"
"openSUSE:Factory","MozillaThunderbird","393","botan","2.18.0-11-gbba47e8"
"openSUSE:Factory","MozillaThunderbird","393","brotli","v1.2.0-77-g4792c8e"
"openSUSE:Factory","MozillaThunderbird","393","bzip2","bzip2-1.0.8"
"openSUSE:Factory","MozillaThunderbird","393","curl","curl-7_64_0-129-ge1be825"
"openSUSE:Factory","MozillaThunderbird","393","fmt","11.0.2-239-ge5b20ff"
"openSUSE:Factory","MozillaThunderbird","393","freetype","VER-2-13-3"
"openSUSE:Factory","MozillaThunderbird","393","googletest","v1.14.0-247-g0934b7e"
"openSUSE:Factory","MozillaThunderbird","393","harfbuzz","11.4.3-3-g724ae78"
"openSUSE:Factory","MozillaThunderbird","393","hunspell","v1.7.0-49-g134405e"
"openSUSE:Factory","MozillaThunderbird","393","json-c","0^20230812.21c70bd7670e3f51c1c80c68d15d6dbbf9c37b58"
"openSUSE:Factory","MozillaThunderbird","393","libevent","release-2.1.11-stable-120-g1c9cc07"
"openSUSE:Factory","MozillaThunderbird","393","libexpat","R_2_7_5-11-g545d786"
"openSUSE:Factory","MozillaThunderbird","393","libgcrypt","libgcrypt-1.9.1-15-gd78cdf4"
"openSUSE:Factory","MozillaThunderbird","393","libjpeg-turbo","3.0.3-35-geb75363"
"openSUSE:Factory","MozillaThunderbird","393","libjxl","v0.11-snapshot-37-g095f259"
"openSUSE:Factory","MozillaThunderbird","393","libpng","v1.6.58"
"openSUSE:Factory","MozillaThunderbird","393","libwebp","webp-rfc9649-17-g3692384"
"openSUSE:Factory","MozillaThunderbird","393","lz4","v1.9.2-1222-gcc1508f"
"openSUSE:Factory","MozillaThunderbird","393","tz","2012g-4-g2151ca6"
"openSUSE:Factory","MozillaThunderbird","393","xxHash","v0.7.4-684-g2b23bc5"
"openSUSE:Factory","MozillaThunderbird","393","xz-embedded","linux-2.6.38-16-gee2a443"
"openSUSE:Factory","MozillaThunderbird","393","zlib","v1.3.1.2-154-g9e35567"
"openSUSE:Factory","MozillaThunderbird","393","zstd","v1.4.7-2566-g82346b9"
"openSUSE:Factory","mozjs115","18","aom","v1.0.0-608-g39248c3"
"openSUSE:Factory","mozjs115","18","brotli","v1.0.9"
"openSUSE:Factory","mozjs115","18","curl","curl-7_64_0-129-ge1be825"
"openSUSE:Factory","mozjs115","18","freetype","VER-2-13-0"
"openSUSE:Factory","mozjs115","18","googletest","release-1.12.0-77-gd1a0039"
"openSUSE:Factory","mozjs115","18","harfbuzz","8.0.1-5-gd00b887"
"openSUSE:Factory","mozjs115","18","hunspell","v1.7.0-49-g134405e"
"openSUSE:Factory","mozjs115","18","libevent","release-2.1.11-stable-120-g1c9cc07"
"openSUSE:Factory","mozjs115","18","libexpat","R_2_2_0-251-g913851a"
"openSUSE:Factory","mozjs115","18","libjpeg-turbo","2.1.90-3-g4e028ec"
"openSUSE:Factory","mozjs115","18","libjxl","v0.9-snapshot-330-gfd815e8"
"openSUSE:Factory","mozjs115","18","libpng","v1.6.39"
"openSUSE:Factory","mozjs115","18","libwebp","v1.2.4-139-ge763eb1"
"openSUSE:Factory","mozjs115","18","lz4","v1.9.2-585-gae179a9"
"openSUSE:Factory","mozjs115","18","tz","2012g-4-g2151ca6"
"openSUSE:Factory","mozjs115","18","xxHash","v0.7.1-246-gc994f5c"
"openSUSE:Factory","mozjs115","18","xz-embedded","linux-2.6.38-16-gee2a443"
"openSUSE:Factory","mozjs115","18","zlib","v1.2.13"
"openSUSE:Factory","mozjs140","18","aom","v3.12.1-114-g719f60e"
"openSUSE:Factory","mozjs140","18","brotli","v1.2.0-77-g4792c8e"
"openSUSE:Factory","mozjs140","18","curl","curl-7_64_0-129-ge1be825"
"openSUSE:Factory","mozjs140","18","fmt","11.0.2-239-ge5b20ff"
"openSUSE:Factory","mozjs140","18","freetype","VER-2-13-3"
"openSUSE:Factory","mozjs140","18","googletest","v1.14.0-247-g0934b7e"
"openSUSE:Factory","mozjs140","18","harfbuzz","11.4.3-3-g724ae78"
"openSUSE:Factory","mozjs140","18","hunspell","v1.7.0-49-g134405e"
"openSUSE:Factory","mozjs140","18","libevent","release-2.1.11-stable-120-g1c9cc07"
"openSUSE:Factory","mozjs140","18","libexpat","R_2_7_5-11-g545d786"
"openSUSE:Factory","mozjs140","18","libjpeg-turbo","3.0.3-35-geb75363"
"openSUSE:Factory","mozjs140","18","libjxl","v0.11-snapshot-37-g095f259"
"openSUSE:Factory","mozjs140","18","libpng","v1.6.58"
"openSUSE:Factory","mozjs140","18","libwebp","webp-rfc9649-17-g3692384"
"openSUSE:Factory","mozjs140","18","lz4","v1.9.2-1222-gcc1508f"
"openSUSE:Factory","mozjs140","18","tz","2012g-4-g2151ca6"
"openSUSE:Factory","mozjs140","18","xxHash","v0.7.4-684-g2b23bc5"
"openSUSE:Factory","mozjs140","18","xz-embedded","linux-2.6.38-16-gee2a443"
"openSUSE:Factory","mozjs140","18","zlib","v1.3.1"
"openSUSE:Factory","mozjs140","18","zstd","v1.4.7-2566-g82346b9"
"openSUSE:Factory","mpark-variant","1","googletest","release-1.10.0-565-gd4144d4"
"openSUSE:Factory","mpich","42","uthash","v1.9.9.1-4-gf866eaf"
"openSUSE:Factory","msedit","3","zstd","v1.4.7-2625-g23e5f80"
"openSUSE:Factory","msoak","3","uthash","v2.1.0"
"openSUSE:Factory","musescore","57","flac","1.4.3"
"openSUSE:Factory","musescore","57","freetype","VER-2-14-1"
"openSUSE:Factory","musescore","57","googletest","v1.14.0-247-g0934b7e"
"openSUSE:Factory","musescore","57","zlib","v1.3.1"
"openSUSE:Factory","mvapich2","42","uthash","v1.9.9.1-4-gf866eaf"
"openSUSE:Factory","mvapich3","5","json-c","0^20200226.c816de212bd43f07b6d78a43e9058cce6ef3655e"
"openSUSE:Factory","mvapich3","5","uthash","v2.0.2-35-gffb3fc6"
"openSUSE:Factory","mvapich4","1","json-c","0^20200226.c816de212bd43f07b6d78a43e9058cce6ef3655e"
"openSUSE:Factory","mvapich4","1","uthash","v2.0.2-35-gffb3fc6"
"openSUSE:Factory","naev","19","libyaml","0.2.4-9-g1008696"
"openSUSE:Factory","nasm","48","zlib","v1.3.1"
"openSUSE:Factory","neatvnc","21","xxHash","v0.7.4-661-g4104e9e"
"openSUSE:Factory","nestopia","11","zlib","v1.2.3"
"openSUSE:Factory","netcdf","73","bzip2","bzip2-1.0.8"
"openSUSE:Factory","netcdf","73","zlib","v1.2.6.1-57-g6c9bd47"
"openSUSE:Factory","netcdf-cxx4","2","bzip2","bzip2-1.0.6"
"openSUSE:Factory","netease-cloud-music-gtk","22","curl","curl-8_20_0-522-gb3675fe"
"openSUSE:Factory","netease-cloud-music-gtk","22","nghttp2","v1.68.0-99-g545ee4f"
"openSUSE:Factory","netease-cloud-music-gtk","22","zlib","v1.3.1.2-154-g9e35567"
"openSUSE:Factory","newsboat","2","curl","curl-8_19_0-504-g5190567"
"openSUSE:Factory","newsboat","2","zlib","v1.3.1.2-154-g9e35567"
"openSUSE:Factory","newsflash","21","Little-CMS","lcms2.19-4-g40588c3"
"openSUSE:Factory","nfdump","18","lz4","v1.9.2-1018-gee86631"
"openSUSE:Factory","nghttp2","92","nghttp2","v1.69.0-374-gdedad37"
"openSUSE:Factory","nodejs24","13","brotli","v1.2.0-1-ge230f47"
"openSUSE:Factory","nodejs24","13","googletest","v1.14.0-292-gd72f9c8"
"openSUSE:Factory","nodejs24","13","libuv","v1.52.1-3-ga43e543"
"openSUSE:Factory","nodejs24","13","mbedtls","v3.6.5-78-gc42f73f"
"openSUSE:Factory","nodejs24","13","nghttp2","v1.68.0-243-g4be3a92"
"openSUSE:Factory","nodejs24","13","uvwasi","v0.0.21-9-g392e1f1"
"openSUSE:Factory","nodejs24","13","zlib","v1.3.1"
"openSUSE:Factory","nodejs24","13","zstd","v1.4.7-2625-g23e5f80"
"openSUSE:Factory","nodejs26","4","brotli","v1.2.0-1-ge230f47"
"openSUSE:Factory","nodejs26","4","googletest","v1.14.0-386-ge273a2d"
"openSUSE:Factory","nodejs26","4","libuv","v1.52.1-3-ga43e543"
"openSUSE:Factory","nodejs26","4","mbedtls","v3.6.5-78-gc42f73f"
"openSUSE:Factory","nodejs26","4","nghttp2","v1.69.0-360-g02788f1"
"openSUSE:Factory","nodejs26","4","uvwasi","v0.0.21-9-g392e1f1"
"openSUSE:Factory","nodejs26","4","zlib","v1.3.2-3-g846a66a"
"openSUSE:Factory","nodejs26","4","zstd","v1.4.7-2625-g23e5f80"
"openSUSE:Factory","nodejs-electron","177","boringssl","0.20250514.0-12-g754625f"
"openSUSE:Factory","nodejs-electron","177","hunspell","v1.7.2-34-gb88f9ea"
"openSUSE:Factory","nodejs-electron","177","leveldb","1.23-88-g78a352f"
"openSUSE:Factory","nodejs-electron","177","libuv","v1.50.0-41-g69d2dfe"
"openSUSE:Factory","nodejs-electron","177","sqlite","version-3.49.1-17-g999fef4"
"openSUSE:Factory","nodejs-electron","177","uvwasi","v0.0.21-9-g392e1f1"
"openSUSE:Factory","noise-suppression-for-voice","4","libpng","v1.6.37"
"openSUSE:Factory","noson","14","tinyxml2","3.0.0"
"openSUSE:Factory","noson-app","12","tinyxml2","3.0.0"
"openSUSE:Factory","ntp","143","libevent","release-2.1.11-stable-120-g1c9cc07"
"openSUSE:Factory","nushell","31","curl","curl-8_20_0-522-gb3675fe"
"openSUSE:Factory","nushell","31","lz4","v1.9.2-1222-gcc1508f"
"openSUSE:Factory","nushell","31","pcre2","pcre2-10.46-178-gc1acd51"
"openSUSE:Factory","nushell","31","xxHash","v0.6.4-56-g3064d42"
"openSUSE:Factory","nushell","31","zlib","v1.3.1.2-154-g9e35567"
"openSUSE:Factory","nushell","31","zstd","v1.4.7-2625-g23e5f80"
"openSUSE:Factory","nuspell","12","hunspell","v1.6.2-221-gc5d8113"
"openSUSE:Factory","nvidia-open-driver-G06-signed","96","xz-embedded","linux-2.6.38-26-g090e6a0"
"openSUSE:Factory","nvidia-open-driver-G07-signed","18","xz-embedded","linux-2.6.38-26-g090e6a0"
"openSUSE:Factory","nvtop","9","uthash","v2.3.0-1-g86e6776"
"openSUSE:Factory","oaml","3","tinyxml2","3.0.0-135-g0515fa9"
"openSUSE:Factory","obs-service-cargo","49","bzip2","bzip2-1.0.8"
"openSUSE:Factory","obs-service-cargo","49","pcre2","pcre2-10.46-178-gc1acd51"
"openSUSE:Factory","obs-service-cargo","49","xz","v5.3.1alpha-73-gba76d67"
"openSUSE:Factory","obs-service-cargo","49","zlib","v1.3.1.2-154-g9e35567"
"openSUSE:Factory","obs-service-cargo","49","zstd","v1.4.7-2625-g23e5f80"
"openSUSE:Factory","obs-service-elixir_mix_deps","4","zstd","v1.4.7-2625-g23e5f80"
"openSUSE:Factory","oci-registry","1","zstd","v1.4.7-2163-g01cea2e"
"openSUSE:Factory","ocli","7","uthash","v1.9.9-72-gb52afc9"
"openSUSE:Factory","ollama","69","xxHash","v0.7.4-684-g2b23bc5"
"openSUSE:Factory","onednn","20","googletest","release-1.10.0-677-gc5be393"
"openSUSE:Factory","onefetch","31","zstd","v1.4.7-2625-g23e5f80"
"openSUSE:Factory","openai-codex","9","bzip2","bzip2-1.0.8"
"openSUSE:Factory","openai-codex","9","xz","v5.3.1alpha-73-gba76d67"
"openSUSE:Factory","openai-codex","9","zstd","v1.4.7-2625-g23e5f80"
"openSUSE:Factory","openal-soft","47","fmt","11.1.2-1-gc43da35"
"openSUSE:Factory","openbabel","45","libxml2","LIBXML2_2_6_18-24-g7331e5c"
"openSUSE:Factory","openbabel","45","zlib","v1.2.3"
"openSUSE:Factory","opencc","27","googletest","v1.14.0-148-gd49a665"
"openSUSE:Factory","opencc","27","rapidjson","v1.1.0-1-g3b2441b"
"openSUSE:Factory","OpenColorIO","31","xxHash","v0.7.4-330-gf2416f4"
"openSUSE:Factory","opencv","110","libjpeg-turbo","3.1.2"
"openSUSE:Factory","opencv","110","libpng","v1.6.53"
"openSUSE:Factory","opencv","110","libtiff","v4.7.0-176-ga566b83"
"openSUSE:Factory","opencv","110","libwebp","v1.5.0-56-gce53efd"
"openSUSE:Factory","opencv","110","openjpeg","v2.5.3-5-g578c67b"
"openSUSE:Factory","opencv","110","zlib","v1.3.1"
"openSUSE:Factory","openjfx","9","libxml2","v2.14.0-127-g9bbffec"
"openSUSE:Factory","openjpeg2","25","openjpeg","v2.5.3-5-g578c67b"
"openSUSE:Factory","openmpi4","22","libevent","release-2.0.21-stable-54-g20d6d44"
"openSUSE:Factory","openmpi4","22","uthash","v1.9.9.1-4-gf866eaf"
"openSUSE:Factory","OpenRGB","15","cpp-httplib","v0.16.0"
"openSUSE:Factory","OpenRGB","15","libusb","v1.0.27-rc1-29-g6558778"
"openSUSE:Factory","OpenRGB","15","mbedtls","v3.1.0-1911-g01d2f52"
"openSUSE:Factory","openvino","28","googletest","v1.14.0-247-g0934b7e"
"openSUSE:Factory","openvino","28","rapidjson","v1.1.0-440-g3e69567"
"openSUSE:Factory","openvino","28","zlib","v1.3.1"
"openSUSE:Factory","optipng","42","libpng","v1.6.48"
"openSUSE:Factory","optipng","42","zlib","v1.3.1"
"openSUSE:Factory","osv-scanner","48","zlib","v1.3"
"openSUSE:Factory","ouch","13","zstd","v1.4.7-2625-g23e5f80"
"openSUSE:Factory","ovmf","141","brotli","v1.2.0-1-ge230f47"
"openSUSE:Factory","ovmf","141","mbedtls","v3.6.6-16-g3833db7"
"openSUSE:Factory","packetry","2","zlib","v1.3.1"
"openSUSE:Factory","paraview","61","freetype","VER-2-13-2-187-ged8b82b"
"openSUSE:Factory","paraview","61","libexpat","R_2_6_4-177-g2ae4c8a"
"openSUSE:Factory","paraview","61","libjpeg-turbo","2.0.90-51-gd147be8"
"openSUSE:Factory","paraview","61","libpng","v1.6.44"
"openSUSE:Factory","paraview","61","libtiff","v4.6.0-250-gd1487d7"
"openSUSE:Factory","paraview","61","libxml2","v2.13.4-6-gf228c6f"
"openSUSE:Factory","paraview","61","lz4","v1.9.2-1222-gcc1508f"
"openSUSE:Factory","paraview","61","rapidjson","v1.1.0-529-g134af9d"
"openSUSE:Factory","paraview","61","xz","v5.7.0alpha-422-g672da29"
"openSUSE:Factory","paraview","61","zlib","v1.3.1"
"openSUSE:Factory","partclone","30","xxHash","v0.7.4-367-gf035303"
"openSUSE:Factory","pcp","79","libbpf","v1.0.0-25-g861364f"
"openSUSE:Factory","pcre2","38","pcre2","pcre2-10.47-91-g4889caf"
"openSUSE:Factory","pcsx2","5","fmt","12.0.0-37-ge8da5ba"
"openSUSE:Factory","pcsx2","5","googletest","v1.14.0-247-g0934b7e"
"openSUSE:Factory","pcsx2","5","rapidjson","v1.1.0-543-gebcbd04"
"openSUSE:Factory","pcsx2","5","xxHash","v0.7.4-836-ga8d6ff0"
"openSUSE:Factory","PDAL","18","googletest","release-1.12.0-77-gd1a0039"
"openSUSE:Factory","perf","85","libbpf","v1.7.0-34-g5a5b5b0"
"openSUSE:Factory","perf","85","xz-embedded","v2024-04-05"
"openSUSE:Factory","perf","85","zlib","v1.2.0"
"openSUSE:Factory","perl","144","bzip2","bzip2-1.0.8"
"openSUSE:Factory","perl","144","zlib","v1.3.1.2-154-g9e35567"
"openSUSE:Factory","perl-Compress-Bzip2","16","bzip2","bzip2-1.0.6"
"openSUSE:Factory","perl-Compress-Raw-Bzip2","5","bzip2","bzip2-1.0.8"
"openSUSE:Factory","perl-Compress-Raw-Zlib","5","zlib","v1.3.1.2-154-g9e35567"
"openSUSE:Factory","perl-Sereal-Decoder","17","zstd","v1.4.7-2625-g23e5f80"
"openSUSE:Factory","perl-Sereal-Encoder","17","zstd","v1.4.7-2625-g23e5f80"
"openSUSE:Factory","perl-Tk","43","libjpeg-turbo","jpeg-6bl-1-g217d1a7"
"openSUSE:Factory","perl-Tk","43","libpng","v1.2.12"
"openSUSE:Factory","perl-Tk","43","zlib","v1.2.3"
"openSUSE:Factory","perl-YAML-LibYAML","35","libyaml","dist-0.2.4"
"openSUSE:Factory","perl-YAML-LibYAML-API","7","libyaml","0.2.4-9-g1008696"
"openSUSE:Factory","pgadmin4","35","brotli","0^20150423.98539223f585a70053bd4867cd012e9d932bc378"
"openSUSE:Factory","pijul","14","libsodium","1.0.18-RELEASE-141-gdf83ed9"
"openSUSE:Factory","pijul","14","zlib","v1.3.1"
"openSUSE:Factory","pijul","14","zstd","v1.4.7-1603-gff42ed1"
"openSUSE:Factory","pix","30","libjpeg-turbo","jpeg-8"
"openSUSE:Factory","pngcrush","6","libpng","v1.6.32"
"openSUSE:Factory","pngcrush","6","zlib","v1.2.11"
"openSUSE:Factory","pngquant","11","libpng","v1.6.44"
"openSUSE:Factory","pngquant","11","Little-CMS","lcms2.17-32-gb09da54"
"openSUSE:Factory","pngquant","11","zlib","v1.3.1"
"openSUSE:Factory","poco","15","libexpat","R_2_8_0-33-g690a7c4"
"openSUSE:Factory","poco","15","libpng","v1.6.58"
"openSUSE:Factory","poco","15","pcre2","pcre2-10.46-181-g5a6b32c"
"openSUSE:Factory","poco","15","zlib","v1.3.1.2-154-g9e35567"
"openSUSE:Factory","popt","41","popt","popt-1.18-release-80-g8c856ac"
"openSUSE:Factory","ppsspp","27","freetype","VER-2-10-1"
"openSUSE:Factory","ppsspp","27","libpng","v1.7.0beta89-3-g3e2769b"
"openSUSE:Factory","ppsspp","27","lua","v5.4.7"
"openSUSE:Factory","ppsspp","27","rapidjson","v1.1.0-412-g11defb7"
"openSUSE:Factory","ppsspp","27","xxHash","v0.7.1-246-gc994f5c"
"openSUSE:Factory","ppsspp","27","zlib","v1.2.13"
"openSUSE:Factory","ppsspp","27","zstd","v1.4.7-2163-g01cea2e"
"openSUSE:Factory","praat","74","zlib","v1.3.2-5-g63a623c"
"openSUSE:Factory","prek","36","xz","v5.8.2-3-gb80b634"
"openSUSE:Factory","prometheus-cpp","3","googletest","release-1.10.0-677-gc5be393"
"openSUSE:Factory","prometheus-cpp","3","lua","v5.4.3"
"openSUSE:Factory","ptcpdump","2","libbpf","v1.3.0-33-gc65b319"
"openSUSE:Factory","python310","82","libb2","v0.98.1-18-g1705999"
"openSUSE:Factory","python311","72","libb2","v0.98.1-19-g7911e56"
"openSUSE:Factory","python311","72","libexpat","R_2_7_5-11-g545d786"
"openSUSE:Factory","python312","52","libb2","v0.98.1-19-g7911e56"
"openSUSE:Factory","python312","52","libexpat","R_2_7_5-11-g545d786"
"openSUSE:Factory","python313","44","libb2","v0.98.1-19-g7911e56"
"openSUSE:Factory","python-apache-tvm-ffi","5","googletest","v1.14.0-105-g31993df"
"openSUSE:Factory","python-awkward-cpp","25","rapidjson","v1.1.0-761-gd621dc9"
"openSUSE:Factory","python-backports.zstd","5","zstd","v1.4.7-2625-g23e5f80"
"openSUSE:Factory","python-Brotli","7","brotli","v1.2.0rc1-6-g4b0f27b"
"openSUSE:Factory","python-cramjam","11","bzip2","bzip2-1.0.8"
"openSUSE:Factory","python-cramjam","11","lz4","v1.9.2-1222-gcc1508f"
"openSUSE:Factory","python-cramjam","11","xxHash","v0.7.4-367-gf035303"
"openSUSE:Factory","python-cramjam","11","xz","v5.3.1alpha-73-gba76d67"
"openSUSE:Factory","python-cramjam","11","zstd","v1.4.7-2625-g23e5f80"
"openSUSE:Factory","python-gevent","63","libuv","v1.50.0-41-g69d2dfe"
"openSUSE:Factory","python-grpcio","56","boringssl","0.20250311.0-75-g2301836"
"openSUSE:Factory","python-grpcio","56","googletest","v1.14.0-247-g0934b7e"
"openSUSE:Factory","python-grpcio","56","zlib","v1.3.1-1-g9f0f2d4"
"openSUSE:Factory","python-hdf5plugin","6","lz4","v1.9.2-1206-g0642ae2"
"openSUSE:Factory","python-hdf5plugin","6","zlib","v1.2.11"
"openSUSE:Factory","python-hdf5plugin","6","zstd","v1.4.4-523-gb2092c6"
"openSUSE:Factory","python-jupyter-ydoc","17","leveldb","v1.20"
"openSUSE:Factory","python-lz4","16","lz4","v1.9.2-585-gae179a9"
"openSUSE:Factory","python-lz4","16","xxHash","v0.6.4-63-gb39d9be"
"openSUSE:Factory","python-maturin","63","xz","v5.3.1alpha-73-gba76d67"
"openSUSE:Factory","python-maturin","63","zstd","v1.4.7-2625-g23e5f80"
"openSUSE:Factory","python-mypy","27","googletest","release-1.8.0-351-gd30a37e"
"openSUSE:Factory","python-omni-camera","3","libjpeg-turbo","2.1.5.1-19-g21f5688"
"openSUSE:Factory","python-pillow-jxl-plugin","1","brotli","v1.2.0rc1-6-g4b0f27b"
"openSUSE:Factory","python-pillow-jxl-plugin","1","libjxl","v0.11-snapshot-669-g22ad80a"
"openSUSE:Factory","python-pillow-jxl-plugin","1","zlib","v1.3.1"
"openSUSE:Factory","python-primp","6","zstd","v1.4.7-2625-g23e5f80"
"openSUSE:Factory","python-psychtoolbox","5","libusb","v1.0.26-rc1-4-g32f3c6d"
"openSUSE:Factory","python-pyaskalono","1","zstd","v1.4.7-2625-g23e5f80"
"openSUSE:Factory","python-PyInstaller","17","zlib","v1.3.1.2-154-g9e35567"
"openSUSE:Factory","python-pyreadstat","16","zlib","v1.2.12"
"openSUSE:Factory","python-rapidfuzz","15","cpp-httplib","v0.7.17-1-geb240ad"
"openSUSE:Factory","python-ruamel.yaml.clib","12","libyaml","dist-0.2.2"
"openSUSE:Factory","python-ruff","126","zstd","v1.4.7-2625-g23e5f80"
"openSUSE:Factory","python-selenium","22","bzip2","bzip2-1.0.8"
"openSUSE:Factory","python-selenium","22","xz","v5.3.1alpha-73-gba76d67"
"openSUSE:Factory","python-selenium","22","zstd","v1.4.7-2625-g23e5f80"
"openSUSE:Factory","python-sglang","3","pcre2","pcre2-10.45-7-ga141712"
"openSUSE:Factory","python-torch","12","cpp-httplib","v0.44.0"
"openSUSE:Factory","python-torch","12","fmt","12.0.0-37-ge8da5ba"
"openSUSE:Factory","python-torch","12","googletest","v1.14.0-247-g0934b7e"
"openSUSE:Factory","python-torch","12","libuv","v1.50.0-41-g69d2dfe"
"openSUSE:Factory","python-torch","12","lua","v5.4.3"
"openSUSE:Factory","python-ty","6","zstd","v1.4.7-2625-g23e5f80"
"openSUSE:Factory","python-uharfbuzz","15","harfbuzz","14.3.1-78-gdee6b6e"
"openSUSE:Factory","python-uv","121","zstd","v1.4.7-2625-g23e5f80"
"openSUSE:Factory","python-uv-build","5","zstd","v1.4.7-2625-g23e5f80"
"openSUSE:Factory","python-xgrammar","5","googletest","v1.14.0-247-g0934b7e"
"openSUSE:Factory","python-xxhash","19","xxHash","v0.7.4-367-gf035303"
"openSUSE:Factory","python-zstandard","22","zstd","v1.4.7-2529-ge3181cf"
"openSUSE:Factory","qemu","312","brotli","v1.0.9-74-g6db17c8"
"openSUSE:Factory","qemu","312","googletest","release-1.12.0-77-gd1a0039"
"openSUSE:Factory","qemu","312","mbedtls","v3.2.1-1980-ged4f59e"
"openSUSE:Factory","qemu","312","zlib","v1.2.5"
"openSUSE:Factory","qmqtt","2","googletest","release-1.8.0-1119-g00fc0d2"
"openSUSE:Factory","QSVEnc","4","googletest","release-1.12.0-77-gd1a0039"
"openSUSE:Factory","QSVEnc","4","tinyxml2","3.0.0-137-g81abfd6"
"openSUSE:Factory","qt6-3d","45","assimp","v6.0.5"
"openSUSE:Factory","qt6-3d","45","googletest","v1.14.0-105-g31993df"
"openSUSE:Factory","qt6-3d","45","rapidjson","v1.1.0-748-g3f73eda"
"openSUSE:Factory","qt6-imageformats","43","libtiff","v4.7.2rc2-1-g7de15e1"
"openSUSE:Factory","qt6-imageformats","43","libwebp","v1.5.0-56-gce53efd"
"openSUSE:Factory","qt6-quick3d","39","assimp","v6.0.5"
"openSUSE:Factory","qt6-quick3d","39","googletest","v1.14.0-105-g31993df"
"openSUSE:Factory","qt6-quick3d","39","rapidjson","v1.1.0-748-g3f73eda"
"openSUSE:Factory","qt6-webengine","57","aom","v3.14.1-46-g1b5a433"
"openSUSE:Factory","qt6-webengine","57","boringssl","0.20250701.0-24-g6aa79db"
"openSUSE:Factory","qt6-webengine","57","brotli","v1.0.9-31-g8376f72"
"openSUSE:Factory","qt6-webengine","57","flac","1.4.2"
"openSUSE:Factory","qt6-webengine","57","freetype","VER-2-13-3-306-g42047ae"
"openSUSE:Factory","qt6-webengine","57","googletest","v1.14.0-260-g37678c9"
"openSUSE:Factory","qt6-webengine","57","harfbuzz","14.2.0-67-g0efc579"
"openSUSE:Factory","qt6-webengine","57","hunspell","v1.7.2-117-g96466a6"
"openSUSE:Factory","qt6-webengine","57","leveldb","1.23-88-g78a352f"
"openSUSE:Factory","qt6-webengine","57","libexpat","R_2_8_0-14-g943f4eb"
"openSUSE:Factory","qt6-webengine","57","libjpeg-turbo","3.0.3-35-geb75363"
"openSUSE:Factory","qt6-webengine","57","libpng","v1.6.58"
"openSUSE:Factory","qt6-webengine","57","libtiff","v4.6.0-250-gd1487d7"
"openSUSE:Factory","qt6-webengine","57","libusb","v1.0.17-rc1-5-gdef6a8f"
"openSUSE:Factory","qt6-webengine","57","libwebp","v1.5.0-56-gce53efd"
"openSUSE:Factory","qt6-webengine","57","libxml2","v2.13.0-671-gdd4c0f6"
"openSUSE:Factory","qt6-webengine","57","Little-CMS","lcms2.14-50-gdbb23ff"
"openSUSE:Factory","qt6-webengine","57","openjpeg","v2.5.2-57-g2be5f14"
"openSUSE:Factory","qt6-webengine","57","rapidjson","v1.1.0-702-g781a4e6"
"openSUSE:Factory","qt6-webengine","57","sqlite","version-3.49.0-499-gb3bcf48"
"openSUSE:Factory","qt6-webengine","57","tz","2012g-4-g2151ca6"
"openSUSE:Factory","qt6-webengine","57","zlib","v1.3.1"
"openSUSE:Factory","qt6-webengine","57","zstd","v1.4.7-2748-gcd8ca9d"
"openSUSE:Factory","qt-creator","60","bzip2","bzip2-1.0.8"
"openSUSE:Factory","qt-creator","60","googletest","v1.14.0-247-g0934b7e"
"openSUSE:Factory","qt-creator","60","libarchive","v3.8.7"
"openSUSE:Factory","qt-creator","60","libvterm","v0.3.2-9-gd8a68a8"
"openSUSE:Factory","qt-creator","60","lua","v5.4.6"
"openSUSE:Factory","qt-creator","60","xz","v5.8.2-3-gb80b634"
"openSUSE:Factory","qt-creator","60","zlib","v1.3.1"
"openSUSE:Factory","quassel","56","googletest","release-1.8.1-198-gb57c703"
"openSUSE:Factory","racket","39","lz4","v1.9.2-231-gf61b034"
"openSUSE:Factory","racket","39","xxHash","v0.6.4-63-gb39d9be"
"openSUSE:Factory","racket","39","zlib","v1.3.1"
"openSUSE:Factory","rage-encryption","22","bzip2","bzip2-1.0.8"
"openSUSE:Factory","rage-encryption","22","zstd","v1.4.7-2163-g01cea2e"
"openSUSE:Factory","rapidjson","4","rapidjson","v1.1.0-684-g88bbd87"
"openSUSE:Factory","raspberrypi-firmware-dt","64","xz-embedded","v20240124-4-ged7ba6d"
"openSUSE:Factory","rav1e","22","zlib","v1.3.1.2-154-g9e35567"
"openSUSE:Factory","rbutil","5","bzip2","bzip2-1.0.6"
"openSUSE:Factory","rbutil","5","zlib","v1.2.3"
"openSUSE:Factory","readpe","1","uthash","v2.0.1-9-gb7316f8"
"openSUSE:Factory","redeclipse","8","libwebp","v0.3.0-27-g96e948d"
"openSUSE:Factory","redis","20","googletest","v1.14.0-247-g0934b7e"
"openSUSE:Factory","redis","20","libevent","release-2.1.11-stable-120-g1c9cc07"
"openSUSE:Factory","redis","20","libuv","v1.47.0-37-g3b6a1a1"
"openSUSE:Factory","redis","20","xxHash","v0.7.4-975-ga60a8a7"
"openSUSE:Factory","regreet","4","Little-CMS","lcms2.19-4-g40588c3"
"openSUSE:Factory","rehex","19","googletest","release-1.8.1-83-g2b016ca"
"openSUSE:Factory","renderdoc","28","lz4","v1.9.1-133-gd7cad81"
"openSUSE:Factory","renderdoc","28","zstd","fuzz-corpora-1045-g4489dae"
"openSUSE:Factory","retroarch","29","lua","v5.3.6"
"openSUSE:Factory","retroarch","29","mbedtls","mbedtls-2.6.0"
"openSUSE:Factory","retroarch","29","xxHash","v0.7.4-417-g93dcc6f"
"openSUSE:Factory","retroarch","29","zstd","v1.4.7-1719-ge4120c5"
"openSUSE:Factory","retsnoop","3","libbpf","v1.6.0-128-gdbd3986"
"openSUSE:Factory","rioterm","33","freetype","VER-2-13-2"
"openSUSE:Factory","rioterm","33","zlib","v1.2.12-37-g19f8551"
"openSUSE:Factory","ripgrep","19","pcre2","pcre2-10.45-7-ga141712"
"openSUSE:Factory","rizin","4","lz4","v1.9.2-1222-gcc1508f"
"openSUSE:Factory","rizin","4","pcre2","pcre2-10.46-181-g5a6b32c"
"openSUSE:Factory","rizin","4","xxHash","v0.6.4-56-g3064d42"
"openSUSE:Factory","rizin","4","xz","v5.8.2-3-gb80b634"
"openSUSE:Factory","rizin","4","zlib","v1.3.1.2-154-g9e35567"
"openSUSE:Factory","rizin","4","zstd","v1.4.7-2625-g23e5f80"
"openSUSE:Factory","roast","14","bzip2","bzip2-1.0.8"
"openSUSE:Factory","roast","14","xz","v5.3.1alpha-73-gba76d67"
"openSUSE:Factory","roast","14","zlib","v1.3.1"
"openSUSE:Factory","roast","14","zstd","v1.4.7-2625-g23e5f80"
"openSUSE:Factory","rpcs3","78","fmt","11.1.2-1-gc43da35"
"openSUSE:Factory","rpcs3","78","googletest","v1.14.0-105-g31993df"
"openSUSE:Factory","rpcs3","78","rapidjson","v1.0.1-747-g17254e0"
"openSUSE:Factory","rpcs3","78","wolfssl","v5.9.0-stable-349-g4fd0df4"
"openSUSE:Factory","rpcs3","78","zstd","v1.4.7-2625-g23e5f80"
"openSUSE:Factory","rr","10","brotli","go/cbrotli/v1.1.0-68-g0438830"
"openSUSE:Factory","rspamd","52","xxHash","v0.7.4-330-gf2416f4"
"openSUSE:Factory","rspamd","52","zstd","v1.4.7-1603-gff42ed1"
"openSUSE:Factory","rsync","98","popt","popt-1.18-release-80-g8c856ac"
"openSUSE:Factory","rtla","8","libbpf","v1.5.0-123-g7356be6"
"openSUSE:Factory","rtla","8","xz-embedded","v2024-04-05-4-g39e0401"
"openSUSE:Factory","rtla","8","zlib","v1.2.0"
"openSUSE:Factory","rttr","6","rapidjson","v1.0.1-747-g17254e0"
"openSUSE:Factory","rubygem-grpc","9","boringssl","0.20241209.0-10-g6f41595"
"openSUSE:Factory","rubygem-grpc","9","xxHash","v0.7.4-330-gf2416f4"
"openSUSE:Factory","rubygem-grpc","9","zlib","v1.3"
"openSUSE:Factory","rubygem-passenger","29","libuv","v1.7.5-39-g43994b4"
"openSUSE:Factory","ruffle","1","bzip2","bzip2-1.0.8"
"openSUSE:Factory","rust1.84","4","curl","curl-8_10_0-47-g0cfc7fc"
"openSUSE:Factory","rust1.84","4","minizip-ng","0^20181101.252588f6a78bd7656f4e03d1b236695b3182ff7d"
"openSUSE:Factory","rust1.84","4","nghttp2","v1.60.0-79-g749e1d8"
"openSUSE:Factory","rust1.84","4","pcre2","0^20180910.ab30606b01d125c433423b837e6eb42816d19a56"
"openSUSE:Factory","rust1.84","4","xz","v5.3.1alpha-73-gba76d67"
"openSUSE:Factory","rust1.84","4","zlib","v1.3.1"
"openSUSE:Factory","rust1.85","3","curl","curl-8_10_1-431-g3a35901"
"openSUSE:Factory","rust1.85","3","minizip-ng","0^20181101.252588f6a78bd7656f4e03d1b236695b3182ff7d"
"openSUSE:Factory","rust1.85","3","nghttp2","v1.60.0-79-g749e1d8"
"openSUSE:Factory","rust1.85","3","pcre2","0^20180910.ab30606b01d125c433423b837e6eb42816d19a56"
"openSUSE:Factory","rust1.85","3","xz","v5.3.1alpha-73-gba76d67"
"openSUSE:Factory","rust1.85","3","zlib","v1.3.1"
"openSUSE:Factory","rust1.86","3","curl","curl-8_11_1-373-g86ee649"
"openSUSE:Factory","rust1.86","3","minizip-ng","0^20181101.252588f6a78bd7656f4e03d1b236695b3182ff7d"
"openSUSE:Factory","rust1.86","3","nghttp2","v1.65.0-23-g3d2e252"
"openSUSE:Factory","rust1.86","3","pcre2","0^20180910.ab30606b01d125c433423b837e6eb42816d19a56"
"openSUSE:Factory","rust1.86","3","xz","v5.3.1alpha-73-gba76d67"
"openSUSE:Factory","rust1.86","3","zlib","v1.3.1"
"openSUSE:Factory","rust1.87","3","curl","curl-8_12_0-90-geebb1c1"
"openSUSE:Factory","rust1.87","3","minizip-ng","0^20181101.252588f6a78bd7656f4e03d1b236695b3182ff7d"
"openSUSE:Factory","rust1.87","3","nghttp2","v1.65.0-23-g3d2e252"
"openSUSE:Factory","rust1.87","3","pcre2","0^20180910.ab30606b01d125c433423b837e6eb42816d19a56"
"openSUSE:Factory","rust1.87","3","xz","v5.3.1alpha-73-gba76d67"
"openSUSE:Factory","rust1.87","3","zlib","v1.3.1"
"openSUSE:Factory","rust1.88","1","curl","curl-8_12_0-90-geebb1c1"
"openSUSE:Factory","rust1.88","1","minizip-ng","0^20181101.252588f6a78bd7656f4e03d1b236695b3182ff7d"
"openSUSE:Factory","rust1.88","1","nghttp2","v1.65.0-23-g3d2e252"
"openSUSE:Factory","rust1.88","1","pcre2","0^20180910.ab30606b01d125c433423b837e6eb42816d19a56"
"openSUSE:Factory","rust1.88","1","xz","v5.3.1alpha-73-gba76d67"
"openSUSE:Factory","rust1.88","1","zlib","v1.3.1"
"openSUSE:Factory","rust1.90","2","curl","curl-8_14_0-43-gc7658f2"
"openSUSE:Factory","rust1.90","2","lz4","v1.9.2-1222-gcc1508f"
"openSUSE:Factory","rust1.90","2","nghttp2","v1.65.0-23-g3d2e252"
"openSUSE:Factory","rust1.90","2","pcre2","pcre2-10.43-RC1-16-gbd1eec7"
"openSUSE:Factory","rust1.90","2","rapidjson","v1.1.0-748-g3f73eda"
"openSUSE:Factory","rust1.90","2","xxHash","v0.6.4-56-g3064d42"
"openSUSE:Factory","rust1.90","2","xz","v5.3.1alpha-73-gba76d67"
"openSUSE:Factory","rust1.90","2","zlib","v1.3.1"
"openSUSE:Factory","rust1.90","2","zstd","v1.4.7-1719-ge4120c5"
"openSUSE:Factory","rust1.91","3","curl","curl-8_15_0-53-g043da5a"
"openSUSE:Factory","rust1.91","3","lz4","v1.9.2-1222-gcc1508f"
"openSUSE:Factory","rust1.91","3","nghttp2","v1.65.0-23-g3d2e252"
"openSUSE:Factory","rust1.91","3","pcre2","pcre2-10.43-RC1-16-gbd1eec7"
"openSUSE:Factory","rust1.91","3","rapidjson","v1.1.0-748-g3f73eda"
"openSUSE:Factory","rust1.91","3","xxHash","v0.6.4-56-g3064d42"
"openSUSE:Factory","rust1.91","3","xz","v5.3.1alpha-73-gba76d67"
"openSUSE:Factory","rust1.91","3","zlib","v1.3.1"
"openSUSE:Factory","rust1.91","3","zstd","v1.4.7-1719-ge4120c5"
"openSUSE:Factory","rust1.92","3","curl","curl-8_15_0-53-g043da5a"
"openSUSE:Factory","rust1.92","3","lz4","v1.9.2-1222-gcc1508f"
"openSUSE:Factory","rust1.92","3","nghttp2","v1.65.0-23-g3d2e252"
"openSUSE:Factory","rust1.92","3","pcre2","pcre2-10.43-RC1-16-gbd1eec7"
"openSUSE:Factory","rust1.92","3","rapidjson","v1.1.0-748-g3f73eda"
"openSUSE:Factory","rust1.92","3","xxHash","v0.6.4-56-g3064d42"
"openSUSE:Factory","rust1.92","3","xz","v5.3.1alpha-73-gba76d67"
"openSUSE:Factory","rust1.92","3","zlib","v1.3.1"
"openSUSE:Factory","rust1.92","3","zstd","v1.4.7-1719-ge4120c5"
"openSUSE:Factory","rust1.93","3","curl","curl-8_16_0-697-g8d45305"
"openSUSE:Factory","rust1.93","3","lz4","v1.9.2-1222-gcc1508f"
"openSUSE:Factory","rust1.93","3","nghttp2","v1.65.0-23-g3d2e252"
"openSUSE:Factory","rust1.93","3","pcre2","pcre2-10.43-RC1-16-gbd1eec7"
"openSUSE:Factory","rust1.93","3","rapidjson","v1.1.0-748-g3f73eda"
"openSUSE:Factory","rust1.93","3","xxHash","v0.6.4-56-g3064d42"
"openSUSE:Factory","rust1.93","3","xz","v5.3.1alpha-73-gba76d67"
"openSUSE:Factory","rust1.93","3","zlib","v1.3.1"
"openSUSE:Factory","rust1.93","3","zstd","v1.4.7-1719-ge4120c5"
"openSUSE:Factory","rust1.94","3","curl","curl-8_16_0-697-g8d45305"
"openSUSE:Factory","rust1.94","3","lz4","v1.9.2-1222-gcc1508f"
"openSUSE:Factory","rust1.94","3","nghttp2","v1.65.0-23-g3d2e252"
"openSUSE:Factory","rust1.94","3","pcre2","pcre2-10.43-RC1-16-gbd1eec7"
"openSUSE:Factory","rust1.94","3","rapidjson","v1.1.0-748-g3f73eda"
"openSUSE:Factory","rust1.94","3","xxHash","v0.6.4-56-g3064d42"
"openSUSE:Factory","rust1.94","3","xz","v5.3.1alpha-73-gba76d67"
"openSUSE:Factory","rust1.94","3","zlib","v1.3.1"
"openSUSE:Factory","rust1.94","3","zstd","v1.4.7-1719-ge4120c5"
"openSUSE:Factory","rust1.95","1","curl","curl-8_16_0-697-g8d45305"
"openSUSE:Factory","rust1.95","1","lz4","v1.9.2-1222-gcc1508f"
"openSUSE:Factory","rust1.95","1","nghttp2","v1.65.0-23-g3d2e252"
"openSUSE:Factory","rust1.95","1","pcre2","pcre2-10.43-RC1-16-gbd1eec7"
"openSUSE:Factory","rust1.95","1","rapidjson","v1.1.0-748-g3f73eda"
"openSUSE:Factory","rust1.95","1","xxHash","v0.6.4-56-g3064d42"
"openSUSE:Factory","rust1.95","1","xz","v5.3.1alpha-73-gba76d67"
"openSUSE:Factory","rust1.95","1","zlib","v1.3.1"
"openSUSE:Factory","rust1.95","1","zstd","v1.4.7-1719-ge4120c5"
"openSUSE:Factory","rust1.96","2","curl","curl-8_18_0-500-g1495489"
"openSUSE:Factory","rust1.96","2","lz4","v1.9.2-1222-gcc1508f"
"openSUSE:Factory","rust1.96","2","nghttp2","v1.68.0-99-g545ee4f"
"openSUSE:Factory","rust1.96","2","pcre2","pcre2-10.43-RC1-16-gbd1eec7"
"openSUSE:Factory","rust1.96","2","rapidjson","v1.1.0-748-g3f73eda"
"openSUSE:Factory","rust1.96","2","xxHash","v0.6.4-56-g3064d42"
"openSUSE:Factory","rust1.96","2","xz","v5.3.1alpha-73-gba76d67"
"openSUSE:Factory","rust1.96","2","zlib","v1.3.1"
"openSUSE:Factory","rust1.96","2","zstd","v1.4.7-1719-ge4120c5"
"openSUSE:Factory","rust1.97","2","curl","curl-8_19_0-504-g5190567"
"openSUSE:Factory","rust1.97","2","lz4","v1.9.2-1222-gcc1508f"
"openSUSE:Factory","rust1.97","2","nghttp2","v1.68.0-99-g545ee4f"
"openSUSE:Factory","rust1.97","2","pcre2","pcre2-10.43-RC1-16-gbd1eec7"
"openSUSE:Factory","rust1.97","2","rapidjson","v1.1.0-748-g3f73eda"
"openSUSE:Factory","rust1.97","2","xxHash","v0.6.4-56-g3064d42"
"openSUSE:Factory","rust1.97","2","xz","v5.3.1alpha-73-gba76d67"
"openSUSE:Factory","rust1.97","2","zlib","v1.3.1.2-154-g9e35567"
"openSUSE:Factory","rust1.97","2","zstd","v1.4.7-1719-ge4120c5"
"openSUSE:Factory","rust1.98","2","curl","curl-8_20_0-522-gb3675fe"
"openSUSE:Factory","rust1.98","2","lz4","v1.9.2-1222-gcc1508f"
"openSUSE:Factory","rust1.98","2","nghttp2","v1.68.0-99-g545ee4f"
"openSUSE:Factory","rust1.98","2","pcre2","pcre2-10.43-RC1-16-gbd1eec7"
"openSUSE:Factory","rust1.98","2","rapidjson","v1.1.0-748-g3f73eda"
"openSUSE:Factory","rust1.98","2","xxHash","v0.6.4-56-g3064d42"
"openSUSE:Factory","rust1.98","2","xz","v5.3.1alpha-73-gba76d67"
"openSUSE:Factory","rust1.98","2","zlib","v1.3.1.2-154-g9e35567"
"openSUSE:Factory","rust1.98","2","zstd","v1.4.7-1719-ge4120c5"
"openSUSE:Factory","rustdesk-server","7","libsodium","1.0.18-RELEASE-141-gdf83ed9"
"openSUSE:Factory","rustdesk-server","7","zstd","v1.4.7-2163-g01cea2e"
"openSUSE:Factory","rustup","30","curl","curl-8_20_0-522-gb3675fe"
"openSUSE:Factory","rustup","30","xz","v5.3.1alpha-73-gba76d67"
"openSUSE:Factory","rustup","30","zlib","v1.3.1"
"openSUSE:Factory","rustup","30","zstd","v1.4.7-2625-g23e5f80"
"openSUSE:Factory","rusty_v8","1","tz","2012g-4-g2151ca6"
"openSUSE:Factory","rye","4","bzip2","bzip2-1.0.8"
"openSUSE:Factory","rye","4","curl","curl-8_12_0-90-geebb1c1"
"openSUSE:Factory","rye","4","zlib","v1.3.1"
"openSUSE:Factory","rye","4","zstd","v1.4.7-2625-g23e5f80"
"openSUSE:Factory","s390-tools","123","curl","curl-8_20_0-522-gb3675fe"
"openSUSE:Factory","s390-tools","123","zlib","v1.3.1.2-154-g9e35567"
"openSUSE:Factory","samba","333","popt","popt-1_15-release-19-g0bfb55a"
"openSUSE:Factory","samply","1","bzip2","bzip2-1.0.8"
"openSUSE:Factory","samtools","8","lz4","v1.7.4.2-244-gd8aafe2"
"openSUSE:Factory","sccache","55","zstd","v1.4.7-2625-g23e5f80"
"openSUSE:Factory","scx","21","libbpf","v1.6.0-128-gdbd3986"
"openSUSE:Factory","scx","21","zlib","v1.2.13"
"openSUSE:Factory","SDL2_image","28","libtiff","v4.1.0-212-g3550db1"
"openSUSE:Factory","SDL2_image","28","libwebp","v1.0.2-12-g6d2e11e"
"openSUSE:Factory","SDL2_ttf","16","freetype","VER-2-13-2-89-g9bf7296"
"openSUSE:Factory","SDL2_ttf","16","harfbuzz","8.1.0-18-gdcd3afc"
"openSUSE:Factory","SDL2_ttf","16","zlib","v1.2.13-15-g9b962a4"
"openSUSE:Factory","SDL3_image","7","libpng","v1.6.58"
"openSUSE:Factory","SDL3_image","7","libtiff","v4.7.1-281-geedba40"
"openSUSE:Factory","SDL3_image","7","libwebp","v1.2.2-75-g6c43219"
"openSUSE:Factory","SDL_ttf","28","freetype","VER-2-4-8"
"openSUSE:Factory","seamonkey","46","aom","v1.0.0-608-g39248c3"
"openSUSE:Factory","seamonkey","46","brotli","v1.2.0-77-g4792c8e"
"openSUSE:Factory","seamonkey","46","curl","curl-7_64_0-129-ge1be825"
"openSUSE:Factory","seamonkey","46","freetype","VER-2-10-1-123-ga45da25"
"openSUSE:Factory","seamonkey","46","googletest","release-1.10.0-677-gc5be393"
"openSUSE:Factory","seamonkey","46","harfbuzz","2.9.0-103-g3844e58"
"openSUSE:Factory","seamonkey","46","hunspell","v1.6.2-217-g58dfe79"
"openSUSE:Factory","seamonkey","46","libevent","release-2.1.11-stable-120-g1c9cc07"
"openSUSE:Factory","seamonkey","46","libexpat","R_2_7_5-11-g545d786"
"openSUSE:Factory","seamonkey","46","libjpeg-turbo","3.0.2-10-g7bb958b"
"openSUSE:Factory","seamonkey","46","libpng","v1.6.58"
"openSUSE:Factory","seamonkey","46","libwebp","v1.3.1-2-g63234c4"
"openSUSE:Factory","seamonkey","46","lz4","v1.9.2-585-gae179a9"
"openSUSE:Factory","seamonkey","46","minizip-ng","0^20181101.252588f6a78bd7656f4e03d1b236695b3182ff7d"
"openSUSE:Factory","seamonkey","46","tz","2014a-10-ga3129e5"
"openSUSE:Factory","seamonkey","46","xxHash","v0.7.4-367-gf035303"
"openSUSE:Factory","seamonkey","46","xz-embedded","linux-2.6.38-16-gee2a443"
"openSUSE:Factory","seamonkey","46","zlib","v1.3.1.2-154-g9e35567"
"openSUSE:Factory","sequoia-octopus-librnp","11","bzip2","bzip2-1.0.8"
"openSUSE:Factory","sequoia-octopus-librnp","11","zlib","v1.3.1"
"openSUSE:Factory","sfml2","11","freetype","VER-2-5-5"
"openSUSE:Factory","shadowsocks-libev","28","uthash","v2.0.1-1-g614b6a5"
"openSUSE:Factory","shadowsocks-rust","20","bzip2","bzip2-1.0.8"
"openSUSE:Factory","shadowsocks-rust","20","lz4","v1.9.2-1222-gcc1508f"
"openSUSE:Factory","shadowsocks-rust","20","xxHash","v0.6.4-56-g3064d42"
"openSUSE:Factory","shadowsocks-rust","20","zlib","v1.3.1"
"openSUSE:Factory","shadowsocks-rust","20","zstd","v1.4.7-2625-g23e5f80"
"openSUSE:Factory","sheldon","9","curl","curl-8_14_0-43-gc7658f2"
"openSUSE:Factory","sheldon","9","zlib","v1.3.1"
"openSUSE:Factory","sidplayfp","25","fmt","12.1.0-170-g46cf422"
"openSUSE:Factory","sigil","53","hunspell","v1.7.2-34-gb88f9ea"
"openSUSE:Factory","sigil","53","pcre2","pcre2-10.45-7-ga141712"
"openSUSE:Factory","sigil","53","zlib","v1.3.1"
"openSUSE:Factory","sile","23","freetype","VER-2-13-2"
"openSUSE:Factory","sile","23","harfbuzz","8.4.0"
"openSUSE:Factory","sile","23","lua","v5.4.7"
"openSUSE:Factory","sile","23","zlib","v1.2.12-37-g19f8551"
"openSUSE:Factory","SimGear","36","libexpat","R_2_8_1-195-ge8efadb"
"openSUSE:Factory","simple-obfs","7","uthash","v2.0.1-1-g614b6a5"
"openSUSE:Factory","sipgrep","3","uthash","v1.9.9"
"openSUSE:Factory","slade","23","fmt","11.1.2-1-gc43da35"
"openSUSE:Factory","slurm","116","uthash","v2.1.0"
"openSUSE:Factory","smooth","5","bzip2","bzip2-1.0.8"
"openSUSE:Factory","smooth","5","curl","curl-7_86_0-236-g565d0ca"
"openSUSE:Factory","smooth","5","libjpeg-turbo","jpeg-9e"
"openSUSE:Factory","smooth","5","libpng","v1.6.39"
"openSUSE:Factory","smooth","5","libwebp","v1.2.4-139-ge763eb1"
"openSUSE:Factory","smooth","5","libxml2","v2.10.2-1-gd3b4850"
"openSUSE:Factory","smooth","5","zlib","v1.2.13"
"openSUSE:Factory","snphost","10","curl","curl-8_20_0-522-gb3675fe"
"openSUSE:Factory","snphost","10","zlib","v1.3.1.2-154-g9e35567"
"openSUSE:Factory","spatialindex","4","googletest","release-1.10.0-565-gd4144d4"
"openSUSE:Factory","spdylay","4","nghttp2","0^20130307.add067ed7eb19a6b0c6603049ee7ab026dd1f189"
"openSUSE:Factory","spotifyd","2","boringssl","fips-20210429-1245-gdd68e4b"
"openSUSE:Factory","sqlcipher","25","sqlite","version-3.53.2-52-g3cc868b"
"openSUSE:Factory","sqlite3","177","sqlite","version-3.53.1-60-gc867ce4"
"openSUSE:Factory","stellarium","78","zlib","v1.3.1.2-154-g9e35567"
"openSUSE:Factory","stgit","36","curl","curl-8_19_0-504-g5190567"
"openSUSE:Factory","stgit","36","zlib","v1.3.1.2-154-g9e35567"
"openSUSE:Factory","sudo","157","zlib","v1.3.1"
"openSUSE:Factory","suitesparse","56","lz4","v1.9.2-231-gf61b034"
"openSUSE:Factory","suitesparse","56","zstd","v1.4.7-1719-ge4120c5"
"openSUSE:Factory","supercollider","3","googletest","0^20150825.affb09edf0dfac4e8570f99ed5af09543a7ffe4f"
"openSUSE:Factory","supertux2","18","freetype","VER-2-4-12"
"openSUSE:Factory","surgescript","7","uthash","v2.0.1"
"openSUSE:Factory","surgescript","7","xxHash","v0.7.4-330-gf2416f4"
"openSUSE:Factory","suricata","7","lua","v5.4.8"
"openSUSE:Factory","suricata","7","zlib","v1.3.1"
"openSUSE:Factory","svgpp","2","googletest","release-1.8.0-1119-g00fc0d2"
"openSUSE:Factory","sword","18","zlib","v1.2.8"
"openSUSE:Factory","synergy","24","googletest","0^20110415.c91a353c47ea13244550037918ff8dc423063012"
"openSUSE:Factory","sysbench","28","zlib","v1.2.0"
"openSUSE:Factory","syslinux","73","libpng","v1.2.44"
"openSUSE:Factory","syslinux","73","zlib","v1.2.5"
"openSUSE:Factory","tailscale","57","libbpf","v1.3.0-137-g0868253"
"openSUSE:Factory","taisei","13","zstd","v1.4.7-137-gd7db928"
"openSUSE:Factory","tcl","75","zlib","v1.3.1.2-154-g9e35567"
"openSUSE:Factory","telegram-desktop","171","hunspell","v1.7.3-84-ga698d8b"
"openSUSE:Factory","telegram-desktop","171","lz4","v1.9.2-585-gae179a9"
"openSUSE:Factory","telegram-desktop","171","rapidjson","v1.1.0-556-ged73d7b"
"openSUSE:Factory","telegram-desktop","171","xxHash","v0.7.4-367-gf035303"
"openSUSE:Factory","termscp","8","zlib","v1.3.1.2-154-g9e35567"
"openSUSE:Factory","tesseract","7","libwebp","v1.0.0-55-gde08d72"
"openSUSE:Factory","tesseract","7","zlib","v1.2.5"
"openSUSE:Factory","texlive","117","brotli","v1.2.0rc1-6-g4b0f27b"
"openSUSE:Factory","texlive","117","freetype","VER-2-14-1"
"openSUSE:Factory","texlive","117","googletest","release-1.12.0-77-gd1a0039"
"openSUSE:Factory","texlive","117","harfbuzz","12.3.1-5-ge365cd0"
"openSUSE:Factory","texlive","117","libjpeg-turbo","jpeg-8d-3-gd625ac8"
"openSUSE:Factory","texlive","117","libpng","v1.6.55"
"openSUSE:Factory","texlive","117","libtiff","v4.7.0-5-g7be20cc"
"openSUSE:Factory","texlive","117","lua","v5.5.0-13-gc6b4848"
"openSUSE:Factory","texlive","117","rapidjson","v1.1.0-724-g1ce516e"
"openSUSE:Factory","texlive","117","tz","2012g-4-g2151ca6"
"openSUSE:Factory","texlive","117","uthash","v1.9.9.1-4-gf866eaf"
"openSUSE:Factory","texlive","117","xxHash","v0.7.4-684-g2b23bc5"
"openSUSE:Factory","texlive","117","zlib","v1.3.1.2-154-g9e35567"
"openSUSE:Factory","texmaker","57","freetype","VER-2-6-1"
"openSUSE:Factory","texmaker","57","hunspell","v1.6.2-343-g530cc88"
"openSUSE:Factory","texmaker","57","libjpeg-turbo","jpeg-6bl-1-g217d1a7"
"openSUSE:Factory","texmaker","57","libpng","v1.6.22"
"openSUSE:Factory","texmaker","57","libtiff","v4.0.5-2-g704f717"
"openSUSE:Factory","texmaker","57","Little-CMS","lcms2.8-10-gc0a98d8"
"openSUSE:Factory","texmaker","57","openjpeg","0^20160423.c559c628539bc8956193a5ff8ac787a0c6fa090c"
"openSUSE:Factory","texmaker","57","zlib","v1.2.7.3-3-gbddc968"
"openSUSE:Factory","texstudio","55","hunspell","v1.7.2-270-gb975260"
"openSUSE:Factory","texstudio","55","zlib","v1.3.1.2-154-g9e35567"
"openSUSE:Factory","thextech","4","flac","1.3.3-237-g48d4f81"
"openSUSE:Factory","thextech","4","fmt","3.0.0-177-g4423490"
"openSUSE:Factory","thextech","4","freetype","VER-2-13-3-2-gf92c965"
"openSUSE:Factory","thextech","4","libjpeg-turbo","jpeg-9e"
"openSUSE:Factory","thextech","4","libpng","v1.6.50"
"openSUSE:Factory","thextech","4","lz4","v1.9.2-1222-gcc1508f"
"openSUSE:Factory","thextech","4","rapidjson","v1.0.1-747-g17254e0"
"openSUSE:Factory","thextech","4","xxHash","v0.6.4-56-g3064d42"
"openSUSE:Factory","thextech","4","zlib","v1.3.1"
"openSUSE:Factory","tiff","111","libtiff","v4.7.2rc2-1-g7de15e1"
"openSUSE:Factory","timezone","162","tz","2026b-47-ga76f26a"
"openSUSE:Factory","tinygo","8","googletest","release-1.10.0-677-gc5be393"
"openSUSE:Factory","tinyxml2","11","tinyxml2","11.0.0"
"openSUSE:Factory","tkimg","24","libjpeg-turbo","jpeg-9e"
"openSUSE:Factory","tkimg","24","libtiff","v4.6.0-250-gd1487d7"
"openSUSE:Factory","tkimg","24","zlib","v1.3.1"
"openSUSE:Factory","tokei","10","zlib","v1.3.1.2-154-g9e35567"
"openSUSE:Factory","transmission","113","fmt","12.0.0-37-ge8da5ba"
"openSUSE:Factory","transmission","113","googletest","v1.14.0-247-g0934b7e"
"openSUSE:Factory","transmission","113","libevent","release-2.1.11-stable-120-g1c9cc07"
"openSUSE:Factory","transmission","113","rapidjson","v1.1.0-763-g24b5e7a"
"openSUSE:Factory","tui-journal","8","zlib","v1.3.1.2-154-g9e35567"
"openSUSE:Factory","tup","8","lua","v5.4.5"
"openSUSE:Factory","tup","8","pcre2","pcre2-10.42"
"openSUSE:Factory","tupitube","12","json-c","0^20150304.484ca368f07054cde67cea5a5fa43ce3b049e667"
"openSUSE:Factory","typst","28","xz","v5.3.1alpha-73-gba76d67"
"openSUSE:Factory","unar","11","zlib","v1.2.3"
"openSUSE:Factory","upx","36","zlib","v1.3.1-60-g3adaa09"
"openSUSE:Factory","upx","36","zstd","v1.4.7-2204-g44e83e9"
"openSUSE:Factory","uthash","6","uthash","v2.3.0"
"openSUSE:Factory","uzdoom","2","bzip2","bzip2-1.0.8"
"openSUSE:Factory","uzdoom","2","libwebp","v1.3.2-104-g13d9c30"
"openSUSE:Factory","uzdoom","2","rapidjson","v1.1.0-725-g012be85"
"openSUSE:Factory","vacuum-im","24","hunspell","hunspell-1.4.0-234-g2ccf840"
"openSUSE:Factory","vacuum-im","24","zlib","v1.2.11"
"openSUSE:Factory","valijson","9","googletest","v1.14.0-247-g0934b7e"
"openSUSE:Factory","valijson","9","rapidjson","v1.1.0-708-g22a62fc"
"openSUSE:Factory","velociraptor","25","libbpf","v1.1.0-144-g294c85e"
"openSUSE:Factory","verilator","11","lz4","v1.9.2-946-g2b23260"
"openSUSE:Factory","vifm","24","lua","v5.4.8"
"openSUSE:Factory","vifm","24","xxHash","v0.7.4-53-gcd59de7"
"openSUSE:Factory","vigra","40","lz4","r131-5-g0d25185"
"openSUSE:Factory","vinyl-cache","4","zlib","v1.3.1-53-g2ba25b2"
"openSUSE:Factory","vips","56","libnsgif","release/0.2.1-226-g8062f91"
"openSUSE:Factory","virtualbox","315","curl","curl-8_18_0-13-g13c1a93"
"openSUSE:Factory","virtualbox","315","googletest","v1.14.0-105-g31993df"
"openSUSE:Factory","virtualbox","315","libjpeg-turbo","3.0.3-35-geb75363"
"openSUSE:Factory","virtualbox","315","libpng","v1.6.57"
"openSUSE:Factory","virtualbox","315","libssh","libssh-0.12.1-1-gf5beac4"
"openSUSE:Factory","virtualbox","315","libxml2","v2.15.0-83-g226b560"
"openSUSE:Factory","virtualbox","315","xz","v5.8.2-3-gb80b634"
"openSUSE:Factory","virtualbox","315","zlib","v1.3.1.2-154-g9e35567"
"openSUSE:Factory","vlang","9","mbedtls","v3.6.6-17-g2b2ac6e"
"openSUSE:Factory","vnote","7","hunspell","v1.7.0-14-g8a2fdfe"
"openSUSE:Factory","vsgXchange","4","zstd","v1.4.4-324-gac58c8d"
"openSUSE:Factory","vtk","72","freetype","VER-2-13-2-187-ged8b82b"
"openSUSE:Factory","vtk","72","libexpat","R_2_6_4-177-g2ae4c8a"
"openSUSE:Factory","vtk","72","libjpeg-turbo","2.0.90-51-gd147be8"
"openSUSE:Factory","vtk","72","libpng","v1.6.44"
"openSUSE:Factory","vtk","72","libtiff","v4.6.0-250-gd1487d7"
"openSUSE:Factory","vtk","72","libxml2","v2.13.4-6-gf228c6f"
"openSUSE:Factory","vtk","72","lz4","v1.9.2-1222-gcc1508f"
"openSUSE:Factory","vtk","72","rapidjson","v1.1.0-529-g134af9d"
"openSUSE:Factory","vtk","72","xz","v5.7.0alpha-422-g672da29"
"openSUSE:Factory","vtk","72","zlib","v1.3.1"
"openSUSE:Factory","warpinator","12","boringssl","0.20250311.0-75-g2301836"
"openSUSE:Factory","warpinator","12","googletest","v1.14.0-247-g0934b7e"
"openSUSE:Factory","warpinator","12","xxHash","v0.7.4-330-gf2416f4"
"openSUSE:Factory","warpinator","12","zlib","v1.3.1-1-g9f0f2d4"
"openSUSE:Factory","warzone2100","46","fmt","12.0.0-37-ge8da5ba"
"openSUSE:Factory","warzone2100","46","googletest","release-1.10.0-571-g0a3a3a8"
"openSUSE:Factory","warzone2100","46","libjpeg-turbo","3.0.4-116-g2bdc5ac"
"openSUSE:Factory","warzone2100","46","rapidjson","v1.1.0-748-g3f73eda"
"openSUSE:Factory","warzone2100","46","zstd","v1.4.7-137-gd7db928"
"openSUSE:Factory","wasm-pack","13","bzip2","bzip2-1.0.8"
"openSUSE:Factory","wasm-pack","13","xz","v5.3.1alpha-73-gba76d67"
"openSUSE:Factory","wasm-pack","13","zstd","v1.4.7-2625-g23e5f80"
"openSUSE:Factory","wbxml2","33","libexpat","R_1_95_5-48-gf19a529"
"openSUSE:Factory","webkitgtk","8","googletest","v1.14.0-105-g31993df"
"openSUSE:Factory","wesnoth","52","lua","v5.4.7"
"openSUSE:Factory","wezterm","41","freetype","VER-2-13-1"
"openSUSE:Factory","wezterm","41","harfbuzz","8.5.0-172-g93930fb"
"openSUSE:Factory","wezterm","41","libpng","v1.6.44"
"openSUSE:Factory","wezterm","41","libssh","libssh-0.11.0-19-g71e1bae"
"openSUSE:Factory","wezterm","41","lua","v5.4.7"
"openSUSE:Factory","wezterm","41","zlib","v1.3.1.2-154-g9e35567"
"openSUSE:Factory","wezterm","41","zstd","v1.4.7-2625-g23e5f80"
"openSUSE:Factory","wild","3","zstd","v1.4.7-2625-g23e5f80"
"openSUSE:Factory","winboat","1","libusb","v1.0.27"
"openSUSE:Factory","wine","500","libjpeg-turbo","jpeg-10"
"openSUSE:Factory","wine","500","libpng","v1.6.58"
"openSUSE:Factory","wine","500","libtiff","v4.7.0-176-ga566b83"
"openSUSE:Factory","wine","500","libxml2","v2.12.8-1-gbf3e56f"
"openSUSE:Factory","wine","500","Little-CMS","lcms2.18rc_1-6-g23994d7"
"openSUSE:Factory","wine","500","zlib","v1.3.1.2-154-g9e35567"
"openSUSE:Factory","wpewebkit","16","googletest","v1.14.0-105-g31993df"
"openSUSE:Factory","wxlua","10","lua","v5.2.2-24-gc37b7b3"
"openSUSE:Factory","wxWidgets-3_2","38","libexpat","R_2_4_7-20-g24ae162"
"openSUSE:Factory","wxWidgets-3_2","38","libjpeg-turbo","jpeg-8d-5-gc6c6316"
"openSUSE:Factory","wxWidgets-3_2","38","libpng","v1.6.37"
"openSUSE:Factory","wxWidgets-3_2","38","libtiff","v4.1.0-248-g9a935c7"
"openSUSE:Factory","wxWidgets-3_2","38","pcre2","0^20210614.d70da76dfb18da294f4084f81ab2d385756783ec"
"openSUSE:Factory","wxWidgets-3_2","38","zlib","v1.2.13-4-g02a6049"
"openSUSE:Factory","x3270","58","libexpat","R_2_4_7-20-g24ae162"
"openSUSE:Factory","xdg-desktop-portal-cosmic","14","zstd","v1.4.7-2625-g23e5f80"
"openSUSE:Factory","xmrig","39","fmt","7.0.3-114-g92a448a"
"openSUSE:Factory","xmrig","39","rapidjson","v1.1.0-753-g7c73dd7"
"openSUSE:Factory","xplr","17","lua","v5.4.7"
"openSUSE:Factory","xviewer","29","libjpeg-turbo","jpeg-8"
"openSUSE:Factory","xxhash","13","xxHash","v0.7.4-684-g2b23bc5"
"openSUSE:Factory","xz","96","xz","v5.8.2-3-gb80b634"
"openSUSE:Factory","yaml-cpp","22","googletest","v1.14.0-105-g31993df"
"openSUSE:Factory","yazi","16","lua","v5.5.0"
"openSUSE:Factory","yyjson","1","yyjson","0.12.0"
"openSUSE:Factory","zchunk","26","uthash","v2.1.0"
"openSUSE:Factory","zdbsp","8","zlib","v1.2.7"
"openSUSE:Factory","zeal","18","cpp-httplib","v0.41.0"
"openSUSE:Factory","zellij","30","curl","curl-8_18_0-500-g1495489"
"openSUSE:Factory","zellij","30","nghttp2","v1.68.0-99-g545ee4f"
"openSUSE:Factory","zellij","30","zlib","v1.3.1.2-154-g9e35567"
"openSUSE:Factory","zeromq","43","libzmq","v4.3.4-343-g5712ad5"
"openSUSE:Factory","zimg","43","googletest","v1.14.0-247-g0934b7e"
"openSUSE:Factory","zlib","94","zlib","v1.3.1"
"openSUSE:Factory","zlib-rs","1","zlib","v1.3.1.2-154-g9e35567"
"openSUSE:Factory","znc","35","tz","2022a-41-ga4095bd"
"openSUSE:Factory","zola","17","libwebp","v1.3.1-71-g95ea522"
"openSUSE:Factory","zola","17","zstd","v1.4.7-2625-g23e5f80"
"openSUSE:Factory","zstd","44","zstd","v1.4.7-2625-g23e5f80"
"openSUSE:Factory","zstd-jni","3","zstd","v1.4.7-2625-g23e5f80"
"openSUSE:Factory","zsync","20","zlib","v1.2.2.4"
